2026-09-16T16:50:08+04:00
ws-l1-005
Wed Sep 16 16:50:08 2026       
+-----------------------------------------------------------------------------------------+
| NVIDIA-SMI 570.195.03             Driver Version: 570.195.03     CUDA Version: 12.8     |
|-----------------------------------------+------------------------+----------------------+
| GPU  Name                 Persistence-M | Bus-Id          Disp.A | Volatile Uncorr. ECC |
| Fan  Temp   Perf          Pwr:Usage/Cap |           Memory-Usage | GPU-Util  Compute M. |
|                                         |                        |               MIG M. |
|=========================================+========================+======================|
|   0  NVIDIA RTX 5000 Ada Gene...    On  |   00000000:55:00.0 Off |                  Off |
| 31%   57C    P8             27W /  250W |     184MiB /  32760MiB |      0%      Default |
|                                         |                        |                  N/A |
+-----------------------------------------+------------------------+----------------------+
                                                                                         
+-----------------------------------------------------------------------------------------+
| Processes:                                                                              |
|  GPU   GI   CI              PID   Type   Process name                        GPU Memory |
|        ID   ID                                                               Usage      |
|=========================================================================================|
|    0   N/A  N/A            4869      G   /usr/lib/xorg/Xorg                      175MiB |
+-----------------------------------------------------------------------------------------+
{"action": "verify", "files": 23, "passed": true}
{"session": 1, "of": 786, "workload_id": "HuggingFaceTB--SmolLM2-135M--cloud--p128--w8", "scenario": "clean", "seed": 7431, "repetition": 0, "variant": "native", "status": "complete", "valid": true}
{"session": 2, "of": 786, "workload_id": "HuggingFaceTB--SmolLM2-135M--cloud--p128--w8", "scenario": "clean", "seed": 7431, "repetition": 0, "variant": "bare", "status": "complete", "valid": true}
{"session": 3, "of": 786, "workload_id": "HuggingFaceTB--SmolLM2-135M--cloud--p128--w8", "scenario": "clean", "seed": 7431, "repetition": 0, "variant": "full_batched", "status": "complete", "valid": true}
{"session": 4, "of": 786, "workload_id": "HuggingFaceTB--SmolLM2-135M--cloud--p128--w8", "scenario": "clean", "seed": 7431, "repetition": 0, "variant": "sparse_batched", "status": "complete", "valid": true}
{"session": 5, "of": 786, "workload_id": "HuggingFaceTB--SmolLM2-135M--cloud--p128--w8", "scenario": "clean", "seed": 7431, "repetition": 0, "variant": "allcuts_batched", "status": "complete", "valid": true}
{"session": 6, "of": 786, "workload_id": "HuggingFaceTB--SmolLM2-135M--cloud--p128--w8", "scenario": "clean", "seed": 7431, "repetition": 0, "variant": "full_legacy", "status": "complete", "valid": true}
{"session": 7, "of": 786, "workload_id": "HuggingFaceTB--SmolLM2-135M--cloud--p128--w8", "scenario": "clean", "seed": 7431, "repetition": 0, "variant": "sparse_legacy", "status": "complete", "valid": true}
{"session": 8, "of": 786, "workload_id": "HuggingFaceTB--SmolLM2-135M--cloud--p128--w8", "scenario": "clean", "seed": 7431, "repetition": 1, "variant": "bare", "status": "complete", "valid": true}
{"session": 9, "of": 786, "workload_id": "HuggingFaceTB--SmolLM2-135M--cloud--p128--w8", "scenario": "clean", "seed": 7431, "repetition": 1, "variant": "full_batched", "status": "complete", "valid": true}
{"session": 10, "of": 786, "workload_id": "HuggingFaceTB--SmolLM2-135M--cloud--p128--w8", "scenario": "clean", "seed": 7431, "repetition": 1, "variant": "sparse_batched", "status": "complete", "valid": true}
{"session": 11, "of": 786, "workload_id": "HuggingFaceTB--SmolLM2-135M--cloud--p128--w8", "scenario": "clean", "seed": 7431, "repetition": 1, "variant": "allcuts_batched", "status": "complete", "valid": true}
{"session": 12, "of": 786, "workload_id": "HuggingFaceTB--SmolLM2-135M--cloud--p128--w8", "scenario": "clean", "seed": 7431, "repetition": 1, "variant": "full_legacy", "status": "complete", "valid": true}
{"session": 13, "of": 786, "workload_id": "HuggingFaceTB--SmolLM2-135M--cloud--p128--w8", "scenario": "clean", "seed": 7431, "repetition": 1, "variant": "sparse_legacy", "status": "complete", "valid": true}
{"session": 14, "of": 786, "workload_id": "HuggingFaceTB--SmolLM2-135M--cloud--p128--w8", "scenario": "clean", "seed": 7431, "repetition": 1, "variant": "native", "status": "complete", "valid": true}
{"session": 15, "of": 786, "workload_id": "HuggingFaceTB--SmolLM2-135M--cloud--p128--w8", "scenario": "clean", "seed": 7431, "repetition": 2, "variant": "full_batched", "status": "complete", "valid": true}
{"session": 16, "of": 786, "workload_id": "HuggingFaceTB--SmolLM2-135M--cloud--p128--w8", "scenario": "clean", "seed": 7431, "repetition": 2, "variant": "sparse_batched", "status": "complete", "valid": true}
{"session": 17, "of": 786, "workload_id": "HuggingFaceTB--SmolLM2-135M--cloud--p128--w8", "scenario": "clean", "seed": 7431, "repetition": 2, "variant": "allcuts_batched", "status": "complete", "valid": true}
{"session": 18, "of": 786, "workload_id": "HuggingFaceTB--SmolLM2-135M--cloud--p128--w8", "scenario": "clean", "seed": 7431, "repetition": 2, "variant": "full_legacy", "status": "complete", "valid": true}
{"session": 19, "of": 786, "workload_id": "HuggingFaceTB--SmolLM2-135M--cloud--p128--w8", "scenario": "clean", "seed": 7431, "repetition": 2, "variant": "sparse_legacy", "status": "complete", "valid": true}
{"session": 20, "of": 786, "workload_id": "HuggingFaceTB--SmolLM2-135M--cloud--p128--w8", "scenario": "clean", "seed": 7431, "repetition": 2, "variant": "native", "status": "complete", "valid": true}
{"session": 21, "of": 786, "workload_id": "HuggingFaceTB--SmolLM2-135M--cloud--p128--w8", "scenario": "clean", "seed": 7431, "repetition": 2, "variant": "bare", "status": "complete", "valid": true}
{"session": 22, "of": 786, "workload_id": "HuggingFaceTB--SmolLM2-135M--cloud--p128--w8", "scenario": "key_early", "seed": 7431, "repetition": 0, "variant": "full_batched", "status": "complete", "valid": true}
{"session": 23, "of": 786, "workload_id": "HuggingFaceTB--SmolLM2-135M--cloud--p128--w8", "scenario": "key_early", "seed": 7431, "repetition": 0, "variant": "sparse_batched", "status": "complete", "valid": true}
{"session": 24, "of": 786, "workload_id": "HuggingFaceTB--SmolLM2-135M--cloud--p128--w8", "scenario": "key_early", "seed": 7431, "repetition": 0, "variant": "allcuts_batched", "status": "complete", "valid": true}
{"session": 25, "of": 786, "workload_id": "HuggingFaceTB--SmolLM2-135M--cloud--p128--w8", "scenario": "key_early", "seed": 7431, "repetition": 1, "variant": "sparse_batched", "status": "complete", "valid": true}
{"session": 26, "of": 786, "workload_id": "HuggingFaceTB--SmolLM2-135M--cloud--p128--w8", "scenario": "key_early", "seed": 7431, "repetition": 1, "variant": "allcuts_batched", "status": "complete", "valid": true}
{"session": 27, "of": 786, "workload_id": "HuggingFaceTB--SmolLM2-135M--cloud--p128--w8", "scenario": "key_early", "seed": 7431, "repetition": 1, "variant": "full_batched", "status": "complete", "valid": true}
{"session": 28, "of": 786, "workload_id": "HuggingFaceTB--SmolLM2-135M--cloud--p128--w8", "scenario": "key_early", "seed": 9817, "repetition": 0, "variant": "full_batched", "status": "complete", "valid": true}
{"session": 29, "of": 786, "workload_id": "HuggingFaceTB--SmolLM2-135M--cloud--p128--w8", "scenario": "key_early", "seed": 9817, "repetition": 0, "variant": "sparse_batched", "status": "complete", "valid": true}
{"session": 30, "of": 786, "workload_id": "HuggingFaceTB--SmolLM2-135M--cloud--p128--w8", "scenario": "key_early", "seed": 9817, "repetition": 0, "variant": "allcuts_batched", "status": "complete", "valid": true}
{"session": 31, "of": 786, "workload_id": "HuggingFaceTB--SmolLM2-135M--cloud--p128--w8", "scenario": "key_early", "seed": 9817, "repetition": 1, "variant": "sparse_batched", "status": "complete", "valid": true}
{"session": 32, "of": 786, "workload_id": "HuggingFaceTB--SmolLM2-135M--cloud--p128--w8", "scenario": "key_early", "seed": 9817, "repetition": 1, "variant": "allcuts_batched", "status": "complete", "valid": true}
{"session": 33, "of": 786, "workload_id": "HuggingFaceTB--SmolLM2-135M--cloud--p128--w8", "scenario": "key_early", "seed": 9817, "repetition": 1, "variant": "full_batched", "status": "complete", "valid": true}
{"session": 34, "of": 786, "workload_id": "HuggingFaceTB--SmolLM2-135M--cloud--p128--w8", "scenario": "value_early", "seed": 7431, "repetition": 0, "variant": "full_batched", "status": "complete", "valid": true}
{"session": 35, "of": 786, "workload_id": "HuggingFaceTB--SmolLM2-135M--cloud--p128--w8", "scenario": "value_early", "seed": 7431, "repetition": 0, "variant": "sparse_batched", "status": "complete", "valid": true}
{"session": 36, "of": 786, "workload_id": "HuggingFaceTB--SmolLM2-135M--cloud--p128--w8", "scenario": "value_early", "seed": 7431, "repetition": 0, "variant": "allcuts_batched", "status": "complete", "valid": true}
{"session": 37, "of": 786, "workload_id": "HuggingFaceTB--SmolLM2-135M--cloud--p128--w8", "scenario": "value_early", "seed": 7431, "repetition": 1, "variant": "sparse_batched", "status": "complete", "valid": true}
{"session": 38, "of": 786, "workload_id": "HuggingFaceTB--SmolLM2-135M--cloud--p128--w8", "scenario": "value_early", "seed": 7431, "repetition": 1, "variant": "allcuts_batched", "status": "complete", "valid": true}
{"session": 39, "of": 786, "workload_id": "HuggingFaceTB--SmolLM2-135M--cloud--p128--w8", "scenario": "value_early", "seed": 7431, "repetition": 1, "variant": "full_batched", "status": "complete", "valid": true}
{"session": 40, "of": 786, "workload_id": "HuggingFaceTB--SmolLM2-135M--cloud--p128--w8", "scenario": "value_early", "seed": 9817, "repetition": 0, "variant": "full_batched", "status": "complete", "valid": true}
{"session": 41, "of": 786, "workload_id": "HuggingFaceTB--SmolLM2-135M--cloud--p128--w8", "scenario": "value_early", "seed": 9817, "repetition": 0, "variant": "sparse_batched", "status": "complete", "valid": true}
{"session": 42, "of": 786, "workload_id": "HuggingFaceTB--SmolLM2-135M--cloud--p128--w8", "scenario": "value_early", "seed": 9817, "repetition": 0, "variant": "allcuts_batched", "status": "complete", "valid": true}
{"session": 43, "of": 786, "workload_id": "HuggingFaceTB--SmolLM2-135M--cloud--p128--w8", "scenario": "value_early", "seed": 9817, "repetition": 1, "variant": "sparse_batched", "status": "complete", "valid": true}
{"session": 44, "of": 786, "workload_id": "HuggingFaceTB--SmolLM2-135M--cloud--p128--w8", "scenario": "value_early", "seed": 9817, "repetition": 1, "variant": "allcuts_batched", "status": "complete", "valid": true}
{"session": 45, "of": 786, "workload_id": "HuggingFaceTB--SmolLM2-135M--cloud--p128--w8", "scenario": "value_early", "seed": 9817, "repetition": 1, "variant": "full_batched", "status": "complete", "valid": true}
{"session": 46, "of": 786, "workload_id": "HuggingFaceTB--SmolLM2-135M--cloud--p128--w8", "scenario": "key_mid", "seed": 7431, "repetition": 0, "variant": "full_batched", "status": "complete", "valid": true}
{"session": 47, "of": 786, "workload_id": "HuggingFaceTB--SmolLM2-135M--cloud--p128--w8", "scenario": "key_mid", "seed": 7431, "repetition": 0, "variant": "sparse_batched", "status": "complete", "valid": true}
{"session": 48, "of": 786, "workload_id": "HuggingFaceTB--SmolLM2-135M--cloud--p128--w8", "scenario": "key_mid", "seed": 7431, "repetition": 0, "variant": "allcuts_batched", "status": "complete", "valid": true}
{"session": 49, "of": 786, "workload_id": "HuggingFaceTB--SmolLM2-135M--cloud--p128--w8", "scenario": "key_mid", "seed": 7431, "repetition": 1, "variant": "sparse_batched", "status": "complete", "valid": true}
{"session": 50, "of": 786, "workload_id": "HuggingFaceTB--SmolLM2-135M--cloud--p128--w8", "scenario": "key_mid", "seed": 7431, "repetition": 1, "variant": "allcuts_batched", "status": "complete", "valid": true}
{"session": 51, "of": 786, "workload_id": "HuggingFaceTB--SmolLM2-135M--cloud--p128--w8", "scenario": "key_mid", "seed": 7431, "repetition": 1, "variant": "full_batched", "status": "complete", "valid": true}
{"session": 52, "of": 786, "workload_id": "HuggingFaceTB--SmolLM2-135M--cloud--p128--w8", "scenario": "key_mid", "seed": 9817, "repetition": 0, "variant": "full_batched", "status": "complete", "valid": true}
{"session": 53, "of": 786, "workload_id": "HuggingFaceTB--SmolLM2-135M--cloud--p128--w8", "scenario": "key_mid", "seed": 9817, "repetition": 0, "variant": "sparse_batched", "status": "complete", "valid": true}
{"session": 54, "of": 786, "workload_id": "HuggingFaceTB--SmolLM2-135M--cloud--p128--w8", "scenario": "key_mid", "seed": 9817, "repetition": 0, "variant": "allcuts_batched", "status": "complete", "valid": true}
{"session": 55, "of": 786, "workload_id": "HuggingFaceTB--SmolLM2-135M--cloud--p128--w8", "scenario": "key_mid", "seed": 9817, "repetition": 1, "variant": "sparse_batched", "status": "complete", "valid": true}
{"session": 56, "of": 786, "workload_id": "HuggingFaceTB--SmolLM2-135M--cloud--p128--w8", "scenario": "key_mid", "seed": 9817, "repetition": 1, "variant": "allcuts_batched", "status": "complete", "valid": true}
{"session": 57, "of": 786, "workload_id": "HuggingFaceTB--SmolLM2-135M--cloud--p128--w8", "scenario": "key_mid", "seed": 9817, "repetition": 1, "variant": "full_batched", "status": "complete", "valid": true}
{"session": 58, "of": 786, "workload_id": "HuggingFaceTB--SmolLM2-135M--cloud--p128--w8", "scenario": "value_mid", "seed": 7431, "repetition": 0, "variant": "full_batched", "status": "complete", "valid": true}
{"session": 59, "of": 786, "workload_id": "HuggingFaceTB--SmolLM2-135M--cloud--p128--w8", "scenario": "value_mid", "seed": 7431, "repetition": 0, "variant": "sparse_batched", "status": "complete", "valid": true}
{"session": 60, "of": 786, "workload_id": "HuggingFaceTB--SmolLM2-135M--cloud--p128--w8", "scenario": "value_mid", "seed": 7431, "repetition": 0, "variant": "allcuts_batched", "status": "complete", "valid": true}
{"session": 61, "of": 786, "workload_id": "HuggingFaceTB--SmolLM2-135M--cloud--p128--w8", "scenario": "value_mid", "seed": 7431, "repetition": 1, "variant": "sparse_batched", "status": "complete", "valid": true}
{"session": 62, "of": 786, "workload_id": "HuggingFaceTB--SmolLM2-135M--cloud--p128--w8", "scenario": "value_mid", "seed": 7431, "repetition": 1, "variant": "allcuts_batched", "status": "complete", "valid": true}
{"session": 63, "of": 786, "workload_id": "HuggingFaceTB--SmolLM2-135M--cloud--p128--w8", "scenario": "value_mid", "seed": 7431, "repetition": 1, "variant": "full_batched", "status": "complete", "valid": true}
{"session": 64, "of": 786, "workload_id": "HuggingFaceTB--SmolLM2-135M--cloud--p128--w8", "scenario": "value_mid", "seed": 9817, "repetition": 0, "variant": "full_batched", "status": "complete", "valid": true}
{"session": 65, "of": 786, "workload_id": "HuggingFaceTB--SmolLM2-135M--cloud--p128--w8", "scenario": "value_mid", "seed": 9817, "repetition": 0, "variant": "sparse_batched", "status": "complete", "valid": true}
{"session": 66, "of": 786, "workload_id": "HuggingFaceTB--SmolLM2-135M--cloud--p128--w8", "scenario": "value_mid", "seed": 9817, "repetition": 0, "variant": "allcuts_batched", "status": "complete", "valid": true}
{"session": 67, "of": 786, "workload_id": "HuggingFaceTB--SmolLM2-135M--cloud--p128--w8", "scenario": "value_mid", "seed": 9817, "repetition": 1, "variant": "sparse_batched", "status": "complete", "valid": true}
{"session": 68, "of": 786, "workload_id": "HuggingFaceTB--SmolLM2-135M--cloud--p128--w8", "scenario": "value_mid", "seed": 9817, "repetition": 1, "variant": "allcuts_batched", "status": "complete", "valid": true}
{"session": 69, "of": 786, "workload_id": "HuggingFaceTB--SmolLM2-135M--cloud--p128--w8", "scenario": "value_mid", "seed": 9817, "repetition": 1, "variant": "full_batched", "status": "complete", "valid": true}
{"session": 70, "of": 786, "workload_id": "HuggingFaceTB--SmolLM2-135M--cloud--p128--w8", "scenario": "key_late", "seed": 7431, "repetition": 0, "variant": "full_batched", "status": "complete", "valid": true}
{"session": 71, "of": 786, "workload_id": "HuggingFaceTB--SmolLM2-135M--cloud--p128--w8", "scenario": "key_late", "seed": 7431, "repetition": 0, "variant": "sparse_batched", "status": "complete", "valid": true}
{"session": 72, "of": 786, "workload_id": "HuggingFaceTB--SmolLM2-135M--cloud--p128--w8", "scenario": "key_late", "seed": 7431, "repetition": 0, "variant": "allcuts_batched", "status": "complete", "valid": true}
{"session": 73, "of": 786, "workload_id": "HuggingFaceTB--SmolLM2-135M--cloud--p128--w8", "scenario": "key_late", "seed": 7431, "repetition": 1, "variant": "sparse_batched", "status": "complete", "valid": true}
{"session": 74, "of": 786, "workload_id": "HuggingFaceTB--SmolLM2-135M--cloud--p128--w8", "scenario": "key_late", "seed": 7431, "repetition": 1, "variant": "allcuts_batched", "status": "complete", "valid": true}
{"session": 75, "of": 786, "workload_id": "HuggingFaceTB--SmolLM2-135M--cloud--p128--w8", "scenario": "key_late", "seed": 7431, "repetition": 1, "variant": "full_batched", "status": "complete", "valid": true}
{"session": 76, "of": 786, "workload_id": "HuggingFaceTB--SmolLM2-135M--cloud--p128--w8", "scenario": "key_late", "seed": 9817, "repetition": 0, "variant": "full_batched", "status": "complete", "valid": true}
{"session": 77, "of": 786, "workload_id": "HuggingFaceTB--SmolLM2-135M--cloud--p128--w8", "scenario": "key_late", "seed": 9817, "repetition": 0, "variant": "sparse_batched", "status": "complete", "valid": true}
{"session": 78, "of": 786, "workload_id": "HuggingFaceTB--SmolLM2-135M--cloud--p128--w8", "scenario": "key_late", "seed": 9817, "repetition": 0, "variant": "allcuts_batched", "status": "complete", "valid": true}
{"session": 79, "of": 786, "workload_id": "HuggingFaceTB--SmolLM2-135M--cloud--p128--w8", "scenario": "key_late", "seed": 9817, "repetition": 1, "variant": "sparse_batched", "status": "complete", "valid": true}
{"session": 80, "of": 786, "workload_id": "HuggingFaceTB--SmolLM2-135M--cloud--p128--w8", "scenario": "key_late", "seed": 9817, "repetition": 1, "variant": "allcuts_batched", "status": "complete", "valid": true}
{"session": 81, "of": 786, "workload_id": "HuggingFaceTB--SmolLM2-135M--cloud--p128--w8", "scenario": "key_late", "seed": 9817, "repetition": 1, "variant": "full_batched", "status": "complete", "valid": true}
{"session": 82, "of": 786, "workload_id": "HuggingFaceTB--SmolLM2-135M--cloud--p128--w8", "scenario": "value_late", "seed": 7431, "repetition": 0, "variant": "full_batched", "status": "complete", "valid": true}
{"session": 83, "of": 786, "workload_id": "HuggingFaceTB--SmolLM2-135M--cloud--p128--w8", "scenario": "value_late", "seed": 7431, "repetition": 0, "variant": "sparse_batched", "status": "complete", "valid": true}
{"session": 84, "of": 786, "workload_id": "HuggingFaceTB--SmolLM2-135M--cloud--p128--w8", "scenario": "value_late", "seed": 7431, "repetition": 0, "variant": "allcuts_batched", "status": "complete", "valid": true}
{"session": 85, "of": 786, "workload_id": "HuggingFaceTB--SmolLM2-135M--cloud--p128--w8", "scenario": "value_late", "seed": 7431, "repetition": 0, "variant": "full_legacy", "status": "complete", "valid": true}
{"session": 86, "of": 786, "workload_id": "HuggingFaceTB--SmolLM2-135M--cloud--p128--w8", "scenario": "value_late", "seed": 7431, "repetition": 0, "variant": "sparse_legacy", "status": "complete", "valid": true}
{"session": 87, "of": 786, "workload_id": "HuggingFaceTB--SmolLM2-135M--cloud--p128--w8", "scenario": "value_late", "seed": 7431, "repetition": 1, "variant": "sparse_batched", "status": "complete", "valid": true}
{"session": 88, "of": 786, "workload_id": "HuggingFaceTB--SmolLM2-135M--cloud--p128--w8", "scenario": "value_late", "seed": 7431, "repetition": 1, "variant": "allcuts_batched", "status": "complete", "valid": true}
{"session": 89, "of": 786, "workload_id": "HuggingFaceTB--SmolLM2-135M--cloud--p128--w8", "scenario": "value_late", "seed": 7431, "repetition": 1, "variant": "full_legacy", "status": "complete", "valid": true}
{"session": 90, "of": 786, "workload_id": "HuggingFaceTB--SmolLM2-135M--cloud--p128--w8", "scenario": "value_late", "seed": 7431, "repetition": 1, "variant": "sparse_legacy", "status": "complete", "valid": true}
{"session": 91, "of": 786, "workload_id": "HuggingFaceTB--SmolLM2-135M--cloud--p128--w8", "scenario": "value_late", "seed": 7431, "repetition": 1, "variant": "full_batched", "status": "complete", "valid": true}
{"session": 92, "of": 786, "workload_id": "HuggingFaceTB--SmolLM2-135M--cloud--p128--w8", "scenario": "value_late", "seed": 9817, "repetition": 0, "variant": "full_batched", "status": "complete", "valid": true}
{"session": 93, "of": 786, "workload_id": "HuggingFaceTB--SmolLM2-135M--cloud--p128--w8", "scenario": "value_late", "seed": 9817, "repetition": 0, "variant": "sparse_batched", "status": "complete", "valid": true}
{"session": 94, "of": 786, "workload_id": "HuggingFaceTB--SmolLM2-135M--cloud--p128--w8", "scenario": "value_late", "seed": 9817, "repetition": 0, "variant": "allcuts_batched", "status": "complete", "valid": true}
{"session": 95, "of": 786, "workload_id": "HuggingFaceTB--SmolLM2-135M--cloud--p128--w8", "scenario": "value_late", "seed": 9817, "repetition": 0, "variant": "full_legacy", "status": "complete", "valid": true}
{"session": 96, "of": 786, "workload_id": "HuggingFaceTB--SmolLM2-135M--cloud--p128--w8", "scenario": "value_late", "seed": 9817, "repetition": 0, "variant": "sparse_legacy", "status": "complete", "valid": true}
{"session": 97, "of": 786, "workload_id": "HuggingFaceTB--SmolLM2-135M--cloud--p128--w8", "scenario": "value_late", "seed": 9817, "repetition": 1, "variant": "sparse_batched", "status": "complete", "valid": true}
{"session": 98, "of": 786, "workload_id": "HuggingFaceTB--SmolLM2-135M--cloud--p128--w8", "scenario": "value_late", "seed": 9817, "repetition": 1, "variant": "allcuts_batched", "status": "complete", "valid": true}
{"session": 99, "of": 786, "workload_id": "HuggingFaceTB--SmolLM2-135M--cloud--p128--w8", "scenario": "value_late", "seed": 9817, "repetition": 1, "variant": "full_legacy", "status": "complete", "valid": true}
{"session": 100, "of": 786, "workload_id": "HuggingFaceTB--SmolLM2-135M--cloud--p128--w8", "scenario": "value_late", "seed": 9817, "repetition": 1, "variant": "sparse_legacy", "status": "complete", "valid": true}
{"session": 101, "of": 786, "workload_id": "HuggingFaceTB--SmolLM2-135M--cloud--p128--w8", "scenario": "value_late", "seed": 9817, "repetition": 1, "variant": "full_batched", "status": "complete", "valid": true}
{"session": 102, "of": 786, "workload_id": "HuggingFaceTB--SmolLM2-135M--cloud--p128--w8", "scenario": "multi_prefix", "seed": 7431, "repetition": 0, "variant": "full_batched", "status": "complete", "valid": true}
{"session": 103, "of": 786, "workload_id": "HuggingFaceTB--SmolLM2-135M--cloud--p128--w8", "scenario": "multi_prefix", "seed": 7431, "repetition": 0, "variant": "sparse_batched", "status": "complete", "valid": true}
{"session": 104, "of": 786, "workload_id": "HuggingFaceTB--SmolLM2-135M--cloud--p128--w8", "scenario": "multi_prefix", "seed": 7431, "repetition": 0, "variant": "allcuts_batched", "status": "complete", "valid": true}
{"session": 105, "of": 786, "workload_id": "HuggingFaceTB--SmolLM2-135M--cloud--p128--w8", "scenario": "multi_prefix", "seed": 7431, "repetition": 1, "variant": "sparse_batched", "status": "complete", "valid": true}
{"session": 106, "of": 786, "workload_id": "HuggingFaceTB--SmolLM2-135M--cloud--p128--w8", "scenario": "multi_prefix", "seed": 7431, "repetition": 1, "variant": "allcuts_batched", "status": "complete", "valid": true}
{"session": 107, "of": 786, "workload_id": "HuggingFaceTB--SmolLM2-135M--cloud--p128--w8", "scenario": "multi_prefix", "seed": 7431, "repetition": 1, "variant": "full_batched", "status": "complete", "valid": true}
{"session": 108, "of": 786, "workload_id": "HuggingFaceTB--SmolLM2-135M--cloud--p128--w8", "scenario": "multi_prefix", "seed": 9817, "repetition": 0, "variant": "full_batched", "status": "complete", "valid": true}
{"session": 109, "of": 786, "workload_id": "HuggingFaceTB--SmolLM2-135M--cloud--p128--w8", "scenario": "multi_prefix", "seed": 9817, "repetition": 0, "variant": "sparse_batched", "status": "complete", "valid": true}
{"session": 110, "of": 786, "workload_id": "HuggingFaceTB--SmolLM2-135M--cloud--p128--w8", "scenario": "multi_prefix", "seed": 9817, "repetition": 0, "variant": "allcuts_batched", "status": "complete", "valid": true}
{"session": 111, "of": 786, "workload_id": "HuggingFaceTB--SmolLM2-135M--cloud--p128--w8", "scenario": "multi_prefix", "seed": 9817, "repetition": 1, "variant": "sparse_batched", "status": "complete", "valid": true}
{"session": 112, "of": 786, "workload_id": "HuggingFaceTB--SmolLM2-135M--cloud--p128--w8", "scenario": "multi_prefix", "seed": 9817, "repetition": 1, "variant": "allcuts_batched", "status": "complete", "valid": true}
{"session": 113, "of": 786, "workload_id": "HuggingFaceTB--SmolLM2-135M--cloud--p128--w8", "scenario": "multi_prefix", "seed": 9817, "repetition": 1, "variant": "full_batched", "status": "complete", "valid": true}
{"session": 114, "of": 786, "workload_id": "HuggingFaceTB--SmolLM2-135M--cloud--p128--w8", "scenario": "repeated_prefix", "seed": 7431, "repetition": 0, "variant": "full_batched", "status": "complete", "valid": true}
{"session": 115, "of": 786, "workload_id": "HuggingFaceTB--SmolLM2-135M--cloud--p128--w8", "scenario": "repeated_prefix", "seed": 7431, "repetition": 0, "variant": "sparse_batched", "status": "complete", "valid": true}
{"session": 116, "of": 786, "workload_id": "HuggingFaceTB--SmolLM2-135M--cloud--p128--w8", "scenario": "repeated_prefix", "seed": 7431, "repetition": 0, "variant": "allcuts_batched", "status": "complete", "valid": true}
{"session": 117, "of": 786, "workload_id": "HuggingFaceTB--SmolLM2-135M--cloud--p128--w8", "scenario": "repeated_prefix", "seed": 7431, "repetition": 1, "variant": "sparse_batched", "status": "complete", "valid": true}
{"session": 118, "of": 786, "workload_id": "HuggingFaceTB--SmolLM2-135M--cloud--p128--w8", "scenario": "repeated_prefix", "seed": 7431, "repetition": 1, "variant": "allcuts_batched", "status": "complete", "valid": true}
{"session": 119, "of": 786, "workload_id": "HuggingFaceTB--SmolLM2-135M--cloud--p128--w8", "scenario": "repeated_prefix", "seed": 7431, "repetition": 1, "variant": "full_batched", "status": "complete", "valid": true}
{"session": 120, "of": 786, "workload_id": "HuggingFaceTB--SmolLM2-135M--cloud--p128--w8", "scenario": "repeated_prefix", "seed": 9817, "repetition": 0, "variant": "full_batched", "status": "complete", "valid": true}
{"session": 121, "of": 786, "workload_id": "HuggingFaceTB--SmolLM2-135M--cloud--p128--w8", "scenario": "repeated_prefix", "seed": 9817, "repetition": 0, "variant": "sparse_batched", "status": "complete", "valid": true}
{"session": 122, "of": 786, "workload_id": "HuggingFaceTB--SmolLM2-135M--cloud--p128--w8", "scenario": "repeated_prefix", "seed": 9817, "repetition": 0, "variant": "allcuts_batched", "status": "complete", "valid": true}
{"session": 123, "of": 786, "workload_id": "HuggingFaceTB--SmolLM2-135M--cloud--p128--w8", "scenario": "repeated_prefix", "seed": 9817, "repetition": 1, "variant": "sparse_batched", "status": "complete", "valid": true}
{"session": 124, "of": 786, "workload_id": "HuggingFaceTB--SmolLM2-135M--cloud--p128--w8", "scenario": "repeated_prefix", "seed": 9817, "repetition": 1, "variant": "allcuts_batched", "status": "complete", "valid": true}
{"session": 125, "of": 786, "workload_id": "HuggingFaceTB--SmolLM2-135M--cloud--p128--w8", "scenario": "repeated_prefix", "seed": 9817, "repetition": 1, "variant": "full_batched", "status": "complete", "valid": true}
{"session": 126, "of": 786, "workload_id": "HuggingFaceTB--SmolLM2-135M--cloud--p128--w8", "scenario": "journal_corruption", "seed": 7431, "repetition": 0, "variant": "full_batched", "status": "complete", "valid": true}
{"session": 127, "of": 786, "workload_id": "HuggingFaceTB--SmolLM2-135M--cloud--p128--w8", "scenario": "journal_corruption", "seed": 7431, "repetition": 0, "variant": "sparse_batched", "status": "complete", "valid": true}
{"session": 128, "of": 786, "workload_id": "HuggingFaceTB--SmolLM2-135M--cloud--p128--w8", "scenario": "journal_corruption", "seed": 7431, "repetition": 0, "variant": "allcuts_batched", "status": "complete", "valid": true}
{"session": 129, "of": 786, "workload_id": "HuggingFaceTB--SmolLM2-135M--cloud--p128--w8", "scenario": "checkpoint_corruption", "seed": 7431, "repetition": 0, "variant": "full_batched", "status": "expected_abort", "valid": true}
{"session": 130, "of": 786, "workload_id": "HuggingFaceTB--SmolLM2-135M--cloud--p128--w8", "scenario": "checkpoint_corruption", "seed": 7431, "repetition": 0, "variant": "sparse_batched", "status": "expected_abort", "valid": true}
{"session": 131, "of": 786, "workload_id": "HuggingFaceTB--SmolLM2-135M--cloud--p128--w8", "scenario": "checkpoint_corruption", "seed": 7431, "repetition": 0, "variant": "allcuts_batched", "status": "expected_abort", "valid": true}
{"session": 132, "of": 786, "workload_id": "HuggingFaceTB--SmolLM2-135M--cloud--p2048--w16", "scenario": "clean", "seed": 7431, "repetition": 0, "variant": "native", "status": "complete", "valid": true}
{"session": 133, "of": 786, "workload_id": "HuggingFaceTB--SmolLM2-135M--cloud--p2048--w16", "scenario": "clean", "seed": 7431, "repetition": 0, "variant": "bare", "status": "complete", "valid": true}
{"session": 134, "of": 786, "workload_id": "HuggingFaceTB--SmolLM2-135M--cloud--p2048--w16", "scenario": "clean", "seed": 7431, "repetition": 0, "variant": "full_batched", "status": "complete", "valid": true}
{"session": 135, "of": 786, "workload_id": "HuggingFaceTB--SmolLM2-135M--cloud--p2048--w16", "scenario": "clean", "seed": 7431, "repetition": 0, "variant": "sparse_batched", "status": "complete", "valid": true}
{"session": 136, "of": 786, "workload_id": "HuggingFaceTB--SmolLM2-135M--cloud--p2048--w16", "scenario": "clean", "seed": 7431, "repetition": 0, "variant": "allcuts_batched", "status": "complete", "valid": true}
{"session": 137, "of": 786, "workload_id": "HuggingFaceTB--SmolLM2-135M--cloud--p2048--w16", "scenario": "clean", "seed": 7431, "repetition": 0, "variant": "full_legacy", "status": "complete", "valid": true}
{"session": 138, "of": 786, "workload_id": "HuggingFaceTB--SmolLM2-135M--cloud--p2048--w16", "scenario": "clean", "seed": 7431, "repetition": 0, "variant": "sparse_legacy", "status": "complete", "valid": true}
{"session": 139, "of": 786, "workload_id": "HuggingFaceTB--SmolLM2-135M--cloud--p2048--w16", "scenario": "clean", "seed": 7431, "repetition": 1, "variant": "bare", "status": "complete", "valid": true}
{"session": 140, "of": 786, "workload_id": "HuggingFaceTB--SmolLM2-135M--cloud--p2048--w16", "scenario": "clean", "seed": 7431, "repetition": 1, "variant": "full_batched", "status": "complete", "valid": true}
{"session": 141, "of": 786, "workload_id": "HuggingFaceTB--SmolLM2-135M--cloud--p2048--w16", "scenario": "clean", "seed": 7431, "repetition": 1, "variant": "sparse_batched", "status": "complete", "valid": true}
{"session": 142, "of": 786, "workload_id": "HuggingFaceTB--SmolLM2-135M--cloud--p2048--w16", "scenario": "clean", "seed": 7431, "repetition": 1, "variant": "allcuts_batched", "status": "complete", "valid": true}
{"session": 143, "of": 786, "workload_id": "HuggingFaceTB--SmolLM2-135M--cloud--p2048--w16", "scenario": "clean", "seed": 7431, "repetition": 1, "variant": "full_legacy", "status": "complete", "valid": true}
{"session": 144, "of": 786, "workload_id": "HuggingFaceTB--SmolLM2-135M--cloud--p2048--w16", "scenario": "clean", "seed": 7431, "repetition": 1, "variant": "sparse_legacy", "status": "complete", "valid": true}
{"session": 145, "of": 786, "workload_id": "HuggingFaceTB--SmolLM2-135M--cloud--p2048--w16", "scenario": "clean", "seed": 7431, "repetition": 1, "variant": "native", "status": "complete", "valid": true}
{"session": 146, "of": 786, "workload_id": "HuggingFaceTB--SmolLM2-135M--cloud--p2048--w16", "scenario": "clean", "seed": 7431, "repetition": 2, "variant": "full_batched", "status": "complete", "valid": true}
{"session": 147, "of": 786, "workload_id": "HuggingFaceTB--SmolLM2-135M--cloud--p2048--w16", "scenario": "clean", "seed": 7431, "repetition": 2, "variant": "sparse_batched", "status": "complete", "valid": true}
{"session": 148, "of": 786, "workload_id": "HuggingFaceTB--SmolLM2-135M--cloud--p2048--w16", "scenario": "clean", "seed": 7431, "repetition": 2, "variant": "allcuts_batched", "status": "complete", "valid": true}
{"session": 149, "of": 786, "workload_id": "HuggingFaceTB--SmolLM2-135M--cloud--p2048--w16", "scenario": "clean", "seed": 7431, "repetition": 2, "variant": "full_legacy", "status": "complete", "valid": true}
{"session": 150, "of": 786, "workload_id": "HuggingFaceTB--SmolLM2-135M--cloud--p2048--w16", "scenario": "clean", "seed": 7431, "repetition": 2, "variant": "sparse_legacy", "status": "complete", "valid": true}
{"session": 151, "of": 786, "workload_id": "HuggingFaceTB--SmolLM2-135M--cloud--p2048--w16", "scenario": "clean", "seed": 7431, "repetition": 2, "variant": "native", "status": "complete", "valid": true}
{"session": 152, "of": 786, "workload_id": "HuggingFaceTB--SmolLM2-135M--cloud--p2048--w16", "scenario": "clean", "seed": 7431, "repetition": 2, "variant": "bare", "status": "complete", "valid": true}
{"session": 153, "of": 786, "workload_id": "HuggingFaceTB--SmolLM2-135M--cloud--p2048--w16", "scenario": "key_early", "seed": 7431, "repetition": 0, "variant": "full_batched", "status": "complete", "valid": true}
{"session": 154, "of": 786, "workload_id": "HuggingFaceTB--SmolLM2-135M--cloud--p2048--w16", "scenario": "key_early", "seed": 7431, "repetition": 0, "variant": "sparse_batched", "status": "complete", "valid": true}
{"session": 155, "of": 786, "workload_id": "HuggingFaceTB--SmolLM2-135M--cloud--p2048--w16", "scenario": "key_early", "seed": 7431, "repetition": 0, "variant": "allcuts_batched", "status": "complete", "valid": true}
{"session": 156, "of": 786, "workload_id": "HuggingFaceTB--SmolLM2-135M--cloud--p2048--w16", "scenario": "key_early", "seed": 7431, "repetition": 1, "variant": "sparse_batched", "status": "complete", "valid": true}
{"session": 157, "of": 786, "workload_id": "HuggingFaceTB--SmolLM2-135M--cloud--p2048--w16", "scenario": "key_early", "seed": 7431, "repetition": 1, "variant": "allcuts_batched", "status": "complete", "valid": true}
{"session": 158, "of": 786, "workload_id": "HuggingFaceTB--SmolLM2-135M--cloud--p2048--w16", "scenario": "key_early", "seed": 7431, "repetition": 1, "variant": "full_batched", "status": "complete", "valid": true}
{"session": 159, "of": 786, "workload_id": "HuggingFaceTB--SmolLM2-135M--cloud--p2048--w16", "scenario": "key_early", "seed": 9817, "repetition": 0, "variant": "full_batched", "status": "complete", "valid": true}
{"session": 160, "of": 786, "workload_id": "HuggingFaceTB--SmolLM2-135M--cloud--p2048--w16", "scenario": "key_early", "seed": 9817, "repetition": 0, "variant": "sparse_batched", "status": "complete", "valid": true}
{"session": 161, "of": 786, "workload_id": "HuggingFaceTB--SmolLM2-135M--cloud--p2048--w16", "scenario": "key_early", "seed": 9817, "repetition": 0, "variant": "allcuts_batched", "status": "complete", "valid": true}
{"session": 162, "of": 786, "workload_id": "HuggingFaceTB--SmolLM2-135M--cloud--p2048--w16", "scenario": "key_early", "seed": 9817, "repetition": 1, "variant": "sparse_batched", "status": "complete", "valid": true}
{"session": 163, "of": 786, "workload_id": "HuggingFaceTB--SmolLM2-135M--cloud--p2048--w16", "scenario": "key_early", "seed": 9817, "repetition": 1, "variant": "allcuts_batched", "status": "complete", "valid": true}
{"session": 164, "of": 786, "workload_id": "HuggingFaceTB--SmolLM2-135M--cloud--p2048--w16", "scenario": "key_early", "seed": 9817, "repetition": 1, "variant": "full_batched", "status": "complete", "valid": true}
{"session": 165, "of": 786, "workload_id": "HuggingFaceTB--SmolLM2-135M--cloud--p2048--w16", "scenario": "value_early", "seed": 7431, "repetition": 0, "variant": "full_batched", "status": "complete", "valid": true}
{"session": 166, "of": 786, "workload_id": "HuggingFaceTB--SmolLM2-135M--cloud--p2048--w16", "scenario": "value_early", "seed": 7431, "repetition": 0, "variant": "sparse_batched", "status": "complete", "valid": true}
{"session": 167, "of": 786, "workload_id": "HuggingFaceTB--SmolLM2-135M--cloud--p2048--w16", "scenario": "value_early", "seed": 7431, "repetition": 0, "variant": "allcuts_batched", "status": "complete", "valid": true}
{"session": 168, "of": 786, "workload_id": "HuggingFaceTB--SmolLM2-135M--cloud--p2048--w16", "scenario": "value_early", "seed": 7431, "repetition": 1, "variant": "sparse_batched", "status": "complete", "valid": true}
{"session": 169, "of": 786, "workload_id": "HuggingFaceTB--SmolLM2-135M--cloud--p2048--w16", "scenario": "value_early", "seed": 7431, "repetition": 1, "variant": "allcuts_batched", "status": "complete", "valid": true}
{"session": 170, "of": 786, "workload_id": "HuggingFaceTB--SmolLM2-135M--cloud--p2048--w16", "scenario": "value_early", "seed": 7431, "repetition": 1, "variant": "full_batched", "status": "complete", "valid": true}
{"session": 171, "of": 786, "workload_id": "HuggingFaceTB--SmolLM2-135M--cloud--p2048--w16", "scenario": "value_early", "seed": 9817, "repetition": 0, "variant": "full_batched", "status": "complete", "valid": true}
{"session": 172, "of": 786, "workload_id": "HuggingFaceTB--SmolLM2-135M--cloud--p2048--w16", "scenario": "value_early", "seed": 9817, "repetition": 0, "variant": "sparse_batched", "status": "complete", "valid": true}
{"session": 173, "of": 786, "workload_id": "HuggingFaceTB--SmolLM2-135M--cloud--p2048--w16", "scenario": "value_early", "seed": 9817, "repetition": 0, "variant": "allcuts_batched", "status": "complete", "valid": true}
{"session": 174, "of": 786, "workload_id": "HuggingFaceTB--SmolLM2-135M--cloud--p2048--w16", "scenario": "value_early", "seed": 9817, "repetition": 1, "variant": "sparse_batched", "status": "complete", "valid": true}
{"session": 175, "of": 786, "workload_id": "HuggingFaceTB--SmolLM2-135M--cloud--p2048--w16", "scenario": "value_early", "seed": 9817, "repetition": 1, "variant": "allcuts_batched", "status": "complete", "valid": true}
{"session": 176, "of": 786, "workload_id": "HuggingFaceTB--SmolLM2-135M--cloud--p2048--w16", "scenario": "value_early", "seed": 9817, "repetition": 1, "variant": "full_batched", "status": "complete", "valid": true}
{"session": 177, "of": 786, "workload_id": "HuggingFaceTB--SmolLM2-135M--cloud--p2048--w16", "scenario": "key_mid", "seed": 7431, "repetition": 0, "variant": "full_batched", "status": "complete", "valid": true}
{"session": 178, "of": 786, "workload_id": "HuggingFaceTB--SmolLM2-135M--cloud--p2048--w16", "scenario": "key_mid", "seed": 7431, "repetition": 0, "variant": "sparse_batched", "status": "complete", "valid": true}
{"session": 179, "of": 786, "workload_id": "HuggingFaceTB--SmolLM2-135M--cloud--p2048--w16", "scenario": "key_mid", "seed": 7431, "repetition": 0, "variant": "allcuts_batched", "status": "complete", "valid": true}
{"session": 180, "of": 786, "workload_id": "HuggingFaceTB--SmolLM2-135M--cloud--p2048--w16", "scenario": "key_mid", "seed": 7431, "repetition": 1, "variant": "sparse_batched", "status": "complete", "valid": true}
{"session": 181, "of": 786, "workload_id": "HuggingFaceTB--SmolLM2-135M--cloud--p2048--w16", "scenario": "key_mid", "seed": 7431, "repetition": 1, "variant": "allcuts_batched", "status": "complete", "valid": true}
{"session": 182, "of": 786, "workload_id": "HuggingFaceTB--SmolLM2-135M--cloud--p2048--w16", "scenario": "key_mid", "seed": 7431, "repetition": 1, "variant": "full_batched", "status": "complete", "valid": true}
{"session": 183, "of": 786, "workload_id": "HuggingFaceTB--SmolLM2-135M--cloud--p2048--w16", "scenario": "key_mid", "seed": 9817, "repetition": 0, "variant": "full_batched", "status": "complete", "valid": true}
{"session": 184, "of": 786, "workload_id": "HuggingFaceTB--SmolLM2-135M--cloud--p2048--w16", "scenario": "key_mid", "seed": 9817, "repetition": 0, "variant": "sparse_batched", "status": "complete", "valid": true}
{"session": 185, "of": 786, "workload_id": "HuggingFaceTB--SmolLM2-135M--cloud--p2048--w16", "scenario": "key_mid", "seed": 9817, "repetition": 0, "variant": "allcuts_batched", "status": "complete", "valid": true}
{"session": 186, "of": 786, "workload_id": "HuggingFaceTB--SmolLM2-135M--cloud--p2048--w16", "scenario": "key_mid", "seed": 9817, "repetition": 1, "variant": "sparse_batched", "status": "complete", "valid": true}
{"session": 187, "of": 786, "workload_id": "HuggingFaceTB--SmolLM2-135M--cloud--p2048--w16", "scenario": "key_mid", "seed": 9817, "repetition": 1, "variant": "allcuts_batched", "status": "complete", "valid": true}
{"session": 188, "of": 786, "workload_id": "HuggingFaceTB--SmolLM2-135M--cloud--p2048--w16", "scenario": "key_mid", "seed": 9817, "repetition": 1, "variant": "full_batched", "status": "complete", "valid": true}
{"session": 189, "of": 786, "workload_id": "HuggingFaceTB--SmolLM2-135M--cloud--p2048--w16", "scenario": "value_mid", "seed": 7431, "repetition": 0, "variant": "full_batched", "status": "complete", "valid": true}
{"session": 190, "of": 786, "workload_id": "HuggingFaceTB--SmolLM2-135M--cloud--p2048--w16", "scenario": "value_mid", "seed": 7431, "repetition": 0, "variant": "sparse_batched", "status": "complete", "valid": true}
{"session": 191, "of": 786, "workload_id": "HuggingFaceTB--SmolLM2-135M--cloud--p2048--w16", "scenario": "value_mid", "seed": 7431, "repetition": 0, "variant": "allcuts_batched", "status": "complete", "valid": true}
{"session": 192, "of": 786, "workload_id": "HuggingFaceTB--SmolLM2-135M--cloud--p2048--w16", "scenario": "value_mid", "seed": 7431, "repetition": 1, "variant": "sparse_batched", "status": "complete", "valid": true}
{"session": 193, "of": 786, "workload_id": "HuggingFaceTB--SmolLM2-135M--cloud--p2048--w16", "scenario": "value_mid", "seed": 7431, "repetition": 1, "variant": "allcuts_batched", "status": "complete", "valid": true}
{"session": 194, "of": 786, "workload_id": "HuggingFaceTB--SmolLM2-135M--cloud--p2048--w16", "scenario": "value_mid", "seed": 7431, "repetition": 1, "variant": "full_batched", "status": "complete", "valid": true}
{"session": 195, "of": 786, "workload_id": "HuggingFaceTB--SmolLM2-135M--cloud--p2048--w16", "scenario": "value_mid", "seed": 9817, "repetition": 0, "variant": "full_batched", "status": "complete", "valid": true}
{"session": 196, "of": 786, "workload_id": "HuggingFaceTB--SmolLM2-135M--cloud--p2048--w16", "scenario": "value_mid", "seed": 9817, "repetition": 0, "variant": "sparse_batched", "status": "complete", "valid": true}
{"session": 197, "of": 786, "workload_id": "HuggingFaceTB--SmolLM2-135M--cloud--p2048--w16", "scenario": "value_mid", "seed": 9817, "repetition": 0, "variant": "allcuts_batched", "status": "complete", "valid": true}
{"session": 198, "of": 786, "workload_id": "HuggingFaceTB--SmolLM2-135M--cloud--p2048--w16", "scenario": "value_mid", "seed": 9817, "repetition": 1, "variant": "sparse_batched", "status": "complete", "valid": true}
{"session": 199, "of": 786, "workload_id": "HuggingFaceTB--SmolLM2-135M--cloud--p2048--w16", "scenario": "value_mid", "seed": 9817, "repetition": 1, "variant": "allcuts_batched", "status": "complete", "valid": true}
{"session": 200, "of": 786, "workload_id": "HuggingFaceTB--SmolLM2-135M--cloud--p2048--w16", "scenario": "value_mid", "seed": 9817, "repetition": 1, "variant": "full_batched", "status": "complete", "valid": true}
{"session": 201, "of": 786, "workload_id": "HuggingFaceTB--SmolLM2-135M--cloud--p2048--w16", "scenario": "key_late", "seed": 7431, "repetition": 0, "variant": "full_batched", "status": "complete", "valid": true}
{"session": 202, "of": 786, "workload_id": "HuggingFaceTB--SmolLM2-135M--cloud--p2048--w16", "scenario": "key_late", "seed": 7431, "repetition": 0, "variant": "sparse_batched", "status": "complete", "valid": true}
{"session": 203, "of": 786, "workload_id": "HuggingFaceTB--SmolLM2-135M--cloud--p2048--w16", "scenario": "key_late", "seed": 7431, "repetition": 0, "variant": "allcuts_batched", "status": "complete", "valid": true}
{"session": 204, "of": 786, "workload_id": "HuggingFaceTB--SmolLM2-135M--cloud--p2048--w16", "scenario": "key_late", "seed": 7431, "repetition": 1, "variant": "sparse_batched", "status": "complete", "valid": true}
{"session": 205, "of": 786, "workload_id": "HuggingFaceTB--SmolLM2-135M--cloud--p2048--w16", "scenario": "key_late", "seed": 7431, "repetition": 1, "variant": "allcuts_batched", "status": "complete", "valid": true}
{"session": 206, "of": 786, "workload_id": "HuggingFaceTB--SmolLM2-135M--cloud--p2048--w16", "scenario": "key_late", "seed": 7431, "repetition": 1, "variant": "full_batched", "status": "complete", "valid": true}
{"session": 207, "of": 786, "workload_id": "HuggingFaceTB--SmolLM2-135M--cloud--p2048--w16", "scenario": "key_late", "seed": 9817, "repetition": 0, "variant": "full_batched", "status": "complete", "valid": true}
{"session": 208, "of": 786, "workload_id": "HuggingFaceTB--SmolLM2-135M--cloud--p2048--w16", "scenario": "key_late", "seed": 9817, "repetition": 0, "variant": "sparse_batched", "status": "complete", "valid": true}
{"session": 209, "of": 786, "workload_id": "HuggingFaceTB--SmolLM2-135M--cloud--p2048--w16", "scenario": "key_late", "seed": 9817, "repetition": 0, "variant": "allcuts_batched", "status": "complete", "valid": true}
{"session": 210, "of": 786, "workload_id": "HuggingFaceTB--SmolLM2-135M--cloud--p2048--w16", "scenario": "key_late", "seed": 9817, "repetition": 1, "variant": "sparse_batched", "status": "complete", "valid": true}
{"session": 211, "of": 786, "workload_id": "HuggingFaceTB--SmolLM2-135M--cloud--p2048--w16", "scenario": "key_late", "seed": 9817, "repetition": 1, "variant": "allcuts_batched", "status": "complete", "valid": true}
{"session": 212, "of": 786, "workload_id": "HuggingFaceTB--SmolLM2-135M--cloud--p2048--w16", "scenario": "key_late", "seed": 9817, "repetition": 1, "variant": "full_batched", "status": "complete", "valid": true}
{"session": 213, "of": 786, "workload_id": "HuggingFaceTB--SmolLM2-135M--cloud--p2048--w16", "scenario": "value_late", "seed": 7431, "repetition": 0, "variant": "full_batched", "status": "complete", "valid": true}
{"session": 214, "of": 786, "workload_id": "HuggingFaceTB--SmolLM2-135M--cloud--p2048--w16", "scenario": "value_late", "seed": 7431, "repetition": 0, "variant": "sparse_batched", "status": "complete", "valid": true}
{"session": 215, "of": 786, "workload_id": "HuggingFaceTB--SmolLM2-135M--cloud--p2048--w16", "scenario": "value_late", "seed": 7431, "repetition": 0, "variant": "allcuts_batched", "status": "complete", "valid": true}
{"session": 216, "of": 786, "workload_id": "HuggingFaceTB--SmolLM2-135M--cloud--p2048--w16", "scenario": "value_late", "seed": 7431, "repetition": 0, "variant": "full_legacy", "status": "complete", "valid": true}
{"session": 217, "of": 786, "workload_id": "HuggingFaceTB--SmolLM2-135M--cloud--p2048--w16", "scenario": "value_late", "seed": 7431, "repetition": 0, "variant": "sparse_legacy", "status": "complete", "valid": true}
{"session": 218, "of": 786, "workload_id": "HuggingFaceTB--SmolLM2-135M--cloud--p2048--w16", "scenario": "value_late", "seed": 7431, "repetition": 1, "variant": "sparse_batched", "status": "complete", "valid": true}
{"session": 219, "of": 786, "workload_id": "HuggingFaceTB--SmolLM2-135M--cloud--p2048--w16", "scenario": "value_late", "seed": 7431, "repetition": 1, "variant": "allcuts_batched", "status": "complete", "valid": true}
{"session": 220, "of": 786, "workload_id": "HuggingFaceTB--SmolLM2-135M--cloud--p2048--w16", "scenario": "value_late", "seed": 7431, "repetition": 1, "variant": "full_legacy", "status": "complete", "valid": true}
{"session": 221, "of": 786, "workload_id": "HuggingFaceTB--SmolLM2-135M--cloud--p2048--w16", "scenario": "value_late", "seed": 7431, "repetition": 1, "variant": "sparse_legacy", "status": "complete", "valid": true}
{"session": 222, "of": 786, "workload_id": "HuggingFaceTB--SmolLM2-135M--cloud--p2048--w16", "scenario": "value_late", "seed": 7431, "repetition": 1, "variant": "full_batched", "status": "complete", "valid": true}
{"session": 223, "of": 786, "workload_id": "HuggingFaceTB--SmolLM2-135M--cloud--p2048--w16", "scenario": "value_late", "seed": 9817, "repetition": 0, "variant": "full_batched", "status": "complete", "valid": true}
{"session": 224, "of": 786, "workload_id": "HuggingFaceTB--SmolLM2-135M--cloud--p2048--w16", "scenario": "value_late", "seed": 9817, "repetition": 0, "variant": "sparse_batched", "status": "complete", "valid": true}
{"session": 225, "of": 786, "workload_id": "HuggingFaceTB--SmolLM2-135M--cloud--p2048--w16", "scenario": "value_late", "seed": 9817, "repetition": 0, "variant": "allcuts_batched", "status": "complete", "valid": true}
{"session": 226, "of": 786, "workload_id": "HuggingFaceTB--SmolLM2-135M--cloud--p2048--w16", "scenario": "value_late", "seed": 9817, "repetition": 0, "variant": "full_legacy", "status": "complete", "valid": true}
{"session": 227, "of": 786, "workload_id": "HuggingFaceTB--SmolLM2-135M--cloud--p2048--w16", "scenario": "value_late", "seed": 9817, "repetition": 0, "variant": "sparse_legacy", "status": "complete", "valid": true}
{"session": 228, "of": 786, "workload_id": "HuggingFaceTB--SmolLM2-135M--cloud--p2048--w16", "scenario": "value_late", "seed": 9817, "repetition": 1, "variant": "sparse_batched", "status": "complete", "valid": true}
{"session": 229, "of": 786, "workload_id": "HuggingFaceTB--SmolLM2-135M--cloud--p2048--w16", "scenario": "value_late", "seed": 9817, "repetition": 1, "variant": "allcuts_batched", "status": "complete", "valid": true}
{"session": 230, "of": 786, "workload_id": "HuggingFaceTB--SmolLM2-135M--cloud--p2048--w16", "scenario": "value_late", "seed": 9817, "repetition": 1, "variant": "full_legacy", "status": "complete", "valid": true}
{"session": 231, "of": 786, "workload_id": "HuggingFaceTB--SmolLM2-135M--cloud--p2048--w16", "scenario": "value_late", "seed": 9817, "repetition": 1, "variant": "sparse_legacy", "status": "complete", "valid": true}
{"session": 232, "of": 786, "workload_id": "HuggingFaceTB--SmolLM2-135M--cloud--p2048--w16", "scenario": "value_late", "seed": 9817, "repetition": 1, "variant": "full_batched", "status": "complete", "valid": true}
{"session": 233, "of": 786, "workload_id": "HuggingFaceTB--SmolLM2-135M--cloud--p2048--w16", "scenario": "multi_prefix", "seed": 7431, "repetition": 0, "variant": "full_batched", "status": "complete", "valid": true}
{"session": 234, "of": 786, "workload_id": "HuggingFaceTB--SmolLM2-135M--cloud--p2048--w16", "scenario": "multi_prefix", "seed": 7431, "repetition": 0, "variant": "sparse_batched", "status": "complete", "valid": true}
{"session": 235, "of": 786, "workload_id": "HuggingFaceTB--SmolLM2-135M--cloud--p2048--w16", "scenario": "multi_prefix", "seed": 7431, "repetition": 0, "variant": "allcuts_batched", "status": "complete", "valid": true}
{"session": 236, "of": 786, "workload_id": "HuggingFaceTB--SmolLM2-135M--cloud--p2048--w16", "scenario": "multi_prefix", "seed": 7431, "repetition": 1, "variant": "sparse_batched", "status": "complete", "valid": true}
{"session": 237, "of": 786, "workload_id": "HuggingFaceTB--SmolLM2-135M--cloud--p2048--w16", "scenario": "multi_prefix", "seed": 7431, "repetition": 1, "variant": "allcuts_batched", "status": "complete", "valid": true}
{"session": 238, "of": 786, "workload_id": "HuggingFaceTB--SmolLM2-135M--cloud--p2048--w16", "scenario": "multi_prefix", "seed": 7431, "repetition": 1, "variant": "full_batched", "status": "complete", "valid": true}
{"session": 239, "of": 786, "workload_id": "HuggingFaceTB--SmolLM2-135M--cloud--p2048--w16", "scenario": "multi_prefix", "seed": 9817, "repetition": 0, "variant": "full_batched", "status": "complete", "valid": true}
{"session": 240, "of": 786, "workload_id": "HuggingFaceTB--SmolLM2-135M--cloud--p2048--w16", "scenario": "multi_prefix", "seed": 9817, "repetition": 0, "variant": "sparse_batched", "status": "complete", "valid": true}
{"session": 241, "of": 786, "workload_id": "HuggingFaceTB--SmolLM2-135M--cloud--p2048--w16", "scenario": "multi_prefix", "seed": 9817, "repetition": 0, "variant": "allcuts_batched", "status": "complete", "valid": true}
{"session": 242, "of": 786, "workload_id": "HuggingFaceTB--SmolLM2-135M--cloud--p2048--w16", "scenario": "multi_prefix", "seed": 9817, "repetition": 1, "variant": "sparse_batched", "status": "complete", "valid": true}
{"session": 243, "of": 786, "workload_id": "HuggingFaceTB--SmolLM2-135M--cloud--p2048--w16", "scenario": "multi_prefix", "seed": 9817, "repetition": 1, "variant": "allcuts_batched", "status": "complete", "valid": true}
{"session": 244, "of": 786, "workload_id": "HuggingFaceTB--SmolLM2-135M--cloud--p2048--w16", "scenario": "multi_prefix", "seed": 9817, "repetition": 1, "variant": "full_batched", "status": "complete", "valid": true}
{"session": 245, "of": 786, "workload_id": "HuggingFaceTB--SmolLM2-135M--cloud--p2048--w16", "scenario": "repeated_prefix", "seed": 7431, "repetition": 0, "variant": "full_batched", "status": "complete", "valid": true}
{"session": 246, "of": 786, "workload_id": "HuggingFaceTB--SmolLM2-135M--cloud--p2048--w16", "scenario": "repeated_prefix", "seed": 7431, "repetition": 0, "variant": "sparse_batched", "status": "complete", "valid": true}
{"session": 247, "of": 786, "workload_id": "HuggingFaceTB--SmolLM2-135M--cloud--p2048--w16", "scenario": "repeated_prefix", "seed": 7431, "repetition": 0, "variant": "allcuts_batched", "status": "complete", "valid": true}
{"session": 248, "of": 786, "workload_id": "HuggingFaceTB--SmolLM2-135M--cloud--p2048--w16", "scenario": "repeated_prefix", "seed": 7431, "repetition": 1, "variant": "sparse_batched", "status": "complete", "valid": true}
{"session": 249, "of": 786, "workload_id": "HuggingFaceTB--SmolLM2-135M--cloud--p2048--w16", "scenario": "repeated_prefix", "seed": 7431, "repetition": 1, "variant": "allcuts_batched", "status": "complete", "valid": true}
{"session": 250, "of": 786, "workload_id": "HuggingFaceTB--SmolLM2-135M--cloud--p2048--w16", "scenario": "repeated_prefix", "seed": 7431, "repetition": 1, "variant": "full_batched", "status": "complete", "valid": true}
{"session": 251, "of": 786, "workload_id": "HuggingFaceTB--SmolLM2-135M--cloud--p2048--w16", "scenario": "repeated_prefix", "seed": 9817, "repetition": 0, "variant": "full_batched", "status": "complete", "valid": true}
{"session": 252, "of": 786, "workload_id": "HuggingFaceTB--SmolLM2-135M--cloud--p2048--w16", "scenario": "repeated_prefix", "seed": 9817, "repetition": 0, "variant": "sparse_batched", "status": "complete", "valid": true}
{"session": 253, "of": 786, "workload_id": "HuggingFaceTB--SmolLM2-135M--cloud--p2048--w16", "scenario": "repeated_prefix", "seed": 9817, "repetition": 0, "variant": "allcuts_batched", "status": "complete", "valid": true}
{"session": 254, "of": 786, "workload_id": "HuggingFaceTB--SmolLM2-135M--cloud--p2048--w16", "scenario": "repeated_prefix", "seed": 9817, "repetition": 1, "variant": "sparse_batched", "status": "complete", "valid": true}
{"session": 255, "of": 786, "workload_id": "HuggingFaceTB--SmolLM2-135M--cloud--p2048--w16", "scenario": "repeated_prefix", "seed": 9817, "repetition": 1, "variant": "allcuts_batched", "status": "complete", "valid": true}
{"session": 256, "of": 786, "workload_id": "HuggingFaceTB--SmolLM2-135M--cloud--p2048--w16", "scenario": "repeated_prefix", "seed": 9817, "repetition": 1, "variant": "full_batched", "status": "complete", "valid": true}
{"session": 257, "of": 786, "workload_id": "HuggingFaceTB--SmolLM2-135M--cloud--p2048--w16", "scenario": "journal_corruption", "seed": 7431, "repetition": 0, "variant": "full_batched", "status": "complete", "valid": true}
{"session": 258, "of": 786, "workload_id": "HuggingFaceTB--SmolLM2-135M--cloud--p2048--w16", "scenario": "journal_corruption", "seed": 7431, "repetition": 0, "variant": "sparse_batched", "status": "complete", "valid": true}
{"session": 259, "of": 786, "workload_id": "HuggingFaceTB--SmolLM2-135M--cloud--p2048--w16", "scenario": "journal_corruption", "seed": 7431, "repetition": 0, "variant": "allcuts_batched", "status": "complete", "valid": true}
{"session": 260, "of": 786, "workload_id": "HuggingFaceTB--SmolLM2-135M--cloud--p2048--w16", "scenario": "checkpoint_corruption", "seed": 7431, "repetition": 0, "variant": "full_batched", "status": "expected_abort", "valid": true}
{"session": 261, "of": 786, "workload_id": "HuggingFaceTB--SmolLM2-135M--cloud--p2048--w16", "scenario": "checkpoint_corruption", "seed": 7431, "repetition": 0, "variant": "sparse_batched", "status": "expected_abort", "valid": true}
{"session": 262, "of": 786, "workload_id": "HuggingFaceTB--SmolLM2-135M--cloud--p2048--w16", "scenario": "checkpoint_corruption", "seed": 7431, "repetition": 0, "variant": "allcuts_batched", "status": "expected_abort", "valid": true}
{"session": 263, "of": 786, "workload_id": "HuggingFaceTB--SmolLM2-135M--code--p128--w8", "scenario": "clean", "seed": 7431, "repetition": 0, "variant": "native", "status": "complete", "valid": true}
{"session": 264, "of": 786, "workload_id": "HuggingFaceTB--SmolLM2-135M--code--p128--w8", "scenario": "clean", "seed": 7431, "repetition": 0, "variant": "bare", "status": "complete", "valid": true}
{"session": 265, "of": 786, "workload_id": "HuggingFaceTB--SmolLM2-135M--code--p128--w8", "scenario": "clean", "seed": 7431, "repetition": 0, "variant": "full_batched", "status": "complete", "valid": true}
{"session": 266, "of": 786, "workload_id": "HuggingFaceTB--SmolLM2-135M--code--p128--w8", "scenario": "clean", "seed": 7431, "repetition": 0, "variant": "sparse_batched", "status": "complete", "valid": true}
{"session": 267, "of": 786, "workload_id": "HuggingFaceTB--SmolLM2-135M--code--p128--w8", "scenario": "clean", "seed": 7431, "repetition": 0, "variant": "allcuts_batched", "status": "complete", "valid": true}
{"session": 268, "of": 786, "workload_id": "HuggingFaceTB--SmolLM2-135M--code--p128--w8", "scenario": "clean", "seed": 7431, "repetition": 0, "variant": "full_legacy", "status": "complete", "valid": true}
{"session": 269, "of": 786, "workload_id": "HuggingFaceTB--SmolLM2-135M--code--p128--w8", "scenario": "clean", "seed": 7431, "repetition": 0, "variant": "sparse_legacy", "status": "complete", "valid": true}
{"session": 270, "of": 786, "workload_id": "HuggingFaceTB--SmolLM2-135M--code--p128--w8", "scenario": "clean", "seed": 7431, "repetition": 1, "variant": "bare", "status": "complete", "valid": true}
{"session": 271, "of": 786, "workload_id": "HuggingFaceTB--SmolLM2-135M--code--p128--w8", "scenario": "clean", "seed": 7431, "repetition": 1, "variant": "full_batched", "status": "complete", "valid": true}
{"session": 272, "of": 786, "workload_id": "HuggingFaceTB--SmolLM2-135M--code--p128--w8", "scenario": "clean", "seed": 7431, "repetition": 1, "variant": "sparse_batched", "status": "complete", "valid": true}
{"session": 273, "of": 786, "workload_id": "HuggingFaceTB--SmolLM2-135M--code--p128--w8", "scenario": "clean", "seed": 7431, "repetition": 1, "variant": "allcuts_batched", "status": "complete", "valid": true}
{"session": 274, "of": 786, "workload_id": "HuggingFaceTB--SmolLM2-135M--code--p128--w8", "scenario": "clean", "seed": 7431, "repetition": 1, "variant": "full_legacy", "status": "complete", "valid": true}
{"session": 275, "of": 786, "workload_id": "HuggingFaceTB--SmolLM2-135M--code--p128--w8", "scenario": "clean", "seed": 7431, "repetition": 1, "variant": "sparse_legacy", "status": "complete", "valid": true}
{"session": 276, "of": 786, "workload_id": "HuggingFaceTB--SmolLM2-135M--code--p128--w8", "scenario": "clean", "seed": 7431, "repetition": 1, "variant": "native", "status": "complete", "valid": true}
{"session": 277, "of": 786, "workload_id": "HuggingFaceTB--SmolLM2-135M--code--p128--w8", "scenario": "clean", "seed": 7431, "repetition": 2, "variant": "full_batched", "status": "complete", "valid": true}
{"session": 278, "of": 786, "workload_id": "HuggingFaceTB--SmolLM2-135M--code--p128--w8", "scenario": "clean", "seed": 7431, "repetition": 2, "variant": "sparse_batched", "status": "complete", "valid": true}
{"session": 279, "of": 786, "workload_id": "HuggingFaceTB--SmolLM2-135M--code--p128--w8", "scenario": "clean", "seed": 7431, "repetition": 2, "variant": "allcuts_batched", "status": "complete", "valid": true}
{"session": 280, "of": 786, "workload_id": "HuggingFaceTB--SmolLM2-135M--code--p128--w8", "scenario": "clean", "seed": 7431, "repetition": 2, "variant": "full_legacy", "status": "complete", "valid": true}
{"session": 281, "of": 786, "workload_id": "HuggingFaceTB--SmolLM2-135M--code--p128--w8", "scenario": "clean", "seed": 7431, "repetition": 2, "variant": "sparse_legacy", "status": "complete", "valid": true}
{"session": 282, "of": 786, "workload_id": "HuggingFaceTB--SmolLM2-135M--code--p128--w8", "scenario": "clean", "seed": 7431, "repetition": 2, "variant": "native", "status": "complete", "valid": true}
{"session": 283, "of": 786, "workload_id": "HuggingFaceTB--SmolLM2-135M--code--p128--w8", "scenario": "clean", "seed": 7431, "repetition": 2, "variant": "bare", "status": "complete", "valid": true}
{"session": 284, "of": 786, "workload_id": "HuggingFaceTB--SmolLM2-135M--code--p128--w8", "scenario": "key_early", "seed": 7431, "repetition": 0, "variant": "full_batched", "status": "complete", "valid": true}
{"session": 285, "of": 786, "workload_id": "HuggingFaceTB--SmolLM2-135M--code--p128--w8", "scenario": "key_early", "seed": 7431, "repetition": 0, "variant": "sparse_batched", "status": "complete", "valid": true}
{"session": 286, "of": 786, "workload_id": "HuggingFaceTB--SmolLM2-135M--code--p128--w8", "scenario": "key_early", "seed": 7431, "repetition": 0, "variant": "allcuts_batched", "status": "complete", "valid": true}
{"session": 287, "of": 786, "workload_id": "HuggingFaceTB--SmolLM2-135M--code--p128--w8", "scenario": "key_early", "seed": 7431, "repetition": 1, "variant": "sparse_batched", "status": "complete", "valid": true}
{"session": 288, "of": 786, "workload_id": "HuggingFaceTB--SmolLM2-135M--code--p128--w8", "scenario": "key_early", "seed": 7431, "repetition": 1, "variant": "allcuts_batched", "status": "complete", "valid": true}
{"session": 289, "of": 786, "workload_id": "HuggingFaceTB--SmolLM2-135M--code--p128--w8", "scenario": "key_early", "seed": 7431, "repetition": 1, "variant": "full_batched", "status": "complete", "valid": true}
{"session": 290, "of": 786, "workload_id": "HuggingFaceTB--SmolLM2-135M--code--p128--w8", "scenario": "key_early", "seed": 9817, "repetition": 0, "variant": "full_batched", "status": "complete", "valid": true}
{"session": 291, "of": 786, "workload_id": "HuggingFaceTB--SmolLM2-135M--code--p128--w8", "scenario": "key_early", "seed": 9817, "repetition": 0, "variant": "sparse_batched", "status": "complete", "valid": true}
{"session": 292, "of": 786, "workload_id": "HuggingFaceTB--SmolLM2-135M--code--p128--w8", "scenario": "key_early", "seed": 9817, "repetition": 0, "variant": "allcuts_batched", "status": "complete", "valid": true}
{"session": 293, "of": 786, "workload_id": "HuggingFaceTB--SmolLM2-135M--code--p128--w8", "scenario": "key_early", "seed": 9817, "repetition": 1, "variant": "sparse_batched", "status": "complete", "valid": true}
{"session": 294, "of": 786, "workload_id": "HuggingFaceTB--SmolLM2-135M--code--p128--w8", "scenario": "key_early", "seed": 9817, "repetition": 1, "variant": "allcuts_batched", "status": "complete", "valid": true}
{"session": 295, "of": 786, "workload_id": "HuggingFaceTB--SmolLM2-135M--code--p128--w8", "scenario": "key_early", "seed": 9817, "repetition": 1, "variant": "full_batched", "status": "complete", "valid": true}
{"session": 296, "of": 786, "workload_id": "HuggingFaceTB--SmolLM2-135M--code--p128--w8", "scenario": "value_early", "seed": 7431, "repetition": 0, "variant": "full_batched", "status": "complete", "valid": true}
{"session": 297, "of": 786, "workload_id": "HuggingFaceTB--SmolLM2-135M--code--p128--w8", "scenario": "value_early", "seed": 7431, "repetition": 0, "variant": "sparse_batched", "status": "complete", "valid": true}
{"session": 298, "of": 786, "workload_id": "HuggingFaceTB--SmolLM2-135M--code--p128--w8", "scenario": "value_early", "seed": 7431, "repetition": 0, "variant": "allcuts_batched", "status": "complete", "valid": true}
{"session": 299, "of": 786, "workload_id": "HuggingFaceTB--SmolLM2-135M--code--p128--w8", "scenario": "value_early", "seed": 7431, "repetition": 1, "variant": "sparse_batched", "status": "complete", "valid": true}
{"session": 300, "of": 786, "workload_id": "HuggingFaceTB--SmolLM2-135M--code--p128--w8", "scenario": "value_early", "seed": 7431, "repetition": 1, "variant": "allcuts_batched", "status": "complete", "valid": true}
{"session": 301, "of": 786, "workload_id": "HuggingFaceTB--SmolLM2-135M--code--p128--w8", "scenario": "value_early", "seed": 7431, "repetition": 1, "variant": "full_batched", "status": "complete", "valid": true}
{"session": 302, "of": 786, "workload_id": "HuggingFaceTB--SmolLM2-135M--code--p128--w8", "scenario": "value_early", "seed": 9817, "repetition": 0, "variant": "full_batched", "status": "complete", "valid": true}
{"session": 303, "of": 786, "workload_id": "HuggingFaceTB--SmolLM2-135M--code--p128--w8", "scenario": "value_early", "seed": 9817, "repetition": 0, "variant": "sparse_batched", "status": "complete", "valid": true}
{"session": 304, "of": 786, "workload_id": "HuggingFaceTB--SmolLM2-135M--code--p128--w8", "scenario": "value_early", "seed": 9817, "repetition": 0, "variant": "allcuts_batched", "status": "complete", "valid": true}
{"session": 305, "of": 786, "workload_id": "HuggingFaceTB--SmolLM2-135M--code--p128--w8", "scenario": "value_early", "seed": 9817, "repetition": 1, "variant": "sparse_batched", "status": "complete", "valid": true}
{"session": 306, "of": 786, "workload_id": "HuggingFaceTB--SmolLM2-135M--code--p128--w8", "scenario": "value_early", "seed": 9817, "repetition": 1, "variant": "allcuts_batched", "status": "complete", "valid": true}
{"session": 307, "of": 786, "workload_id": "HuggingFaceTB--SmolLM2-135M--code--p128--w8", "scenario": "value_early", "seed": 9817, "repetition": 1, "variant": "full_batched", "status": "complete", "valid": true}
{"session": 308, "of": 786, "workload_id": "HuggingFaceTB--SmolLM2-135M--code--p128--w8", "scenario": "key_mid", "seed": 7431, "repetition": 0, "variant": "full_batched", "status": "complete", "valid": true}
{"session": 309, "of": 786, "workload_id": "HuggingFaceTB--SmolLM2-135M--code--p128--w8", "scenario": "key_mid", "seed": 7431, "repetition": 0, "variant": "sparse_batched", "status": "complete", "valid": true}
{"session": 310, "of": 786, "workload_id": "HuggingFaceTB--SmolLM2-135M--code--p128--w8", "scenario": "key_mid", "seed": 7431, "repetition": 0, "variant": "allcuts_batched", "status": "complete", "valid": true}
{"session": 311, "of": 786, "workload_id": "HuggingFaceTB--SmolLM2-135M--code--p128--w8", "scenario": "key_mid", "seed": 7431, "repetition": 1, "variant": "sparse_batched", "status": "complete", "valid": true}
{"session": 312, "of": 786, "workload_id": "HuggingFaceTB--SmolLM2-135M--code--p128--w8", "scenario": "key_mid", "seed": 7431, "repetition": 1, "variant": "allcuts_batched", "status": "complete", "valid": true}
{"session": 313, "of": 786, "workload_id": "HuggingFaceTB--SmolLM2-135M--code--p128--w8", "scenario": "key_mid", "seed": 7431, "repetition": 1, "variant": "full_batched", "status": "complete", "valid": true}
{"session": 314, "of": 786, "workload_id": "HuggingFaceTB--SmolLM2-135M--code--p128--w8", "scenario": "key_mid", "seed": 9817, "repetition": 0, "variant": "full_batched", "status": "complete", "valid": true}
{"session": 315, "of": 786, "workload_id": "HuggingFaceTB--SmolLM2-135M--code--p128--w8", "scenario": "key_mid", "seed": 9817, "repetition": 0, "variant": "sparse_batched", "status": "complete", "valid": true}
{"session": 316, "of": 786, "workload_id": "HuggingFaceTB--SmolLM2-135M--code--p128--w8", "scenario": "key_mid", "seed": 9817, "repetition": 0, "variant": "allcuts_batched", "status": "complete", "valid": true}
{"session": 317, "of": 786, "workload_id": "HuggingFaceTB--SmolLM2-135M--code--p128--w8", "scenario": "key_mid", "seed": 9817, "repetition": 1, "variant": "sparse_batched", "status": "complete", "valid": true}
{"session": 318, "of": 786, "workload_id": "HuggingFaceTB--SmolLM2-135M--code--p128--w8", "scenario": "key_mid", "seed": 9817, "repetition": 1, "variant": "allcuts_batched", "status": "complete", "valid": true}
{"session": 319, "of": 786, "workload_id": "HuggingFaceTB--SmolLM2-135M--code--p128--w8", "scenario": "key_mid", "seed": 9817, "repetition": 1, "variant": "full_batched", "status": "complete", "valid": true}
{"session": 320, "of": 786, "workload_id": "HuggingFaceTB--SmolLM2-135M--code--p128--w8", "scenario": "value_mid", "seed": 7431, "repetition": 0, "variant": "full_batched", "status": "complete", "valid": true}
{"session": 321, "of": 786, "workload_id": "HuggingFaceTB--SmolLM2-135M--code--p128--w8", "scenario": "value_mid", "seed": 7431, "repetition": 0, "variant": "sparse_batched", "status": "complete", "valid": true}
{"session": 322, "of": 786, "workload_id": "HuggingFaceTB--SmolLM2-135M--code--p128--w8", "scenario": "value_mid", "seed": 7431, "repetition": 0, "variant": "allcuts_batched", "status": "complete", "valid": true}
{"session": 323, "of": 786, "workload_id": "HuggingFaceTB--SmolLM2-135M--code--p128--w8", "scenario": "value_mid", "seed": 7431, "repetition": 1, "variant": "sparse_batched", "status": "complete", "valid": true}
{"session": 324, "of": 786, "workload_id": "HuggingFaceTB--SmolLM2-135M--code--p128--w8", "scenario": "value_mid", "seed": 7431, "repetition": 1, "variant": "allcuts_batched", "status": "complete", "valid": true}
{"session": 325, "of": 786, "workload_id": "HuggingFaceTB--SmolLM2-135M--code--p128--w8", "scenario": "value_mid", "seed": 7431, "repetition": 1, "variant": "full_batched", "status": "complete", "valid": true}
{"session": 326, "of": 786, "workload_id": "HuggingFaceTB--SmolLM2-135M--code--p128--w8", "scenario": "value_mid", "seed": 9817, "repetition": 0, "variant": "full_batched", "status": "complete", "valid": true}
{"session": 327, "of": 786, "workload_id": "HuggingFaceTB--SmolLM2-135M--code--p128--w8", "scenario": "value_mid", "seed": 9817, "repetition": 0, "variant": "sparse_batched", "status": "complete", "valid": true}
{"session": 328, "of": 786, "workload_id": "HuggingFaceTB--SmolLM2-135M--code--p128--w8", "scenario": "value_mid", "seed": 9817, "repetition": 0, "variant": "allcuts_batched", "status": "complete", "valid": true}
{"session": 329, "of": 786, "workload_id": "HuggingFaceTB--SmolLM2-135M--code--p128--w8", "scenario": "value_mid", "seed": 9817, "repetition": 1, "variant": "sparse_batched", "status": "complete", "valid": true}
{"session": 330, "of": 786, "workload_id": "HuggingFaceTB--SmolLM2-135M--code--p128--w8", "scenario": "value_mid", "seed": 9817, "repetition": 1, "variant": "allcuts_batched", "status": "complete", "valid": true}
{"session": 331, "of": 786, "workload_id": "HuggingFaceTB--SmolLM2-135M--code--p128--w8", "scenario": "value_mid", "seed": 9817, "repetition": 1, "variant": "full_batched", "status": "complete", "valid": true}
{"session": 332, "of": 786, "workload_id": "HuggingFaceTB--SmolLM2-135M--code--p128--w8", "scenario": "key_late", "seed": 7431, "repetition": 0, "variant": "full_batched", "status": "complete", "valid": true}
{"session": 333, "of": 786, "workload_id": "HuggingFaceTB--SmolLM2-135M--code--p128--w8", "scenario": "key_late", "seed": 7431, "repetition": 0, "variant": "sparse_batched", "status": "complete", "valid": true}
{"session": 334, "of": 786, "workload_id": "HuggingFaceTB--SmolLM2-135M--code--p128--w8", "scenario": "key_late", "seed": 7431, "repetition": 0, "variant": "allcuts_batched", "status": "complete", "valid": true}
{"session": 335, "of": 786, "workload_id": "HuggingFaceTB--SmolLM2-135M--code--p128--w8", "scenario": "key_late", "seed": 7431, "repetition": 1, "variant": "sparse_batched", "status": "complete", "valid": true}
{"session": 336, "of": 786, "workload_id": "HuggingFaceTB--SmolLM2-135M--code--p128--w8", "scenario": "key_late", "seed": 7431, "repetition": 1, "variant": "allcuts_batched", "status": "complete", "valid": true}
{"session": 337, "of": 786, "workload_id": "HuggingFaceTB--SmolLM2-135M--code--p128--w8", "scenario": "key_late", "seed": 7431, "repetition": 1, "variant": "full_batched", "status": "complete", "valid": true}
{"session": 338, "of": 786, "workload_id": "HuggingFaceTB--SmolLM2-135M--code--p128--w8", "scenario": "key_late", "seed": 9817, "repetition": 0, "variant": "full_batched", "status": "complete", "valid": true}
{"session": 339, "of": 786, "workload_id": "HuggingFaceTB--SmolLM2-135M--code--p128--w8", "scenario": "key_late", "seed": 9817, "repetition": 0, "variant": "sparse_batched", "status": "complete", "valid": true}
{"session": 340, "of": 786, "workload_id": "HuggingFaceTB--SmolLM2-135M--code--p128--w8", "scenario": "key_late", "seed": 9817, "repetition": 0, "variant": "allcuts_batched", "status": "complete", "valid": true}
{"session": 341, "of": 786, "workload_id": "HuggingFaceTB--SmolLM2-135M--code--p128--w8", "scenario": "key_late", "seed": 9817, "repetition": 1, "variant": "sparse_batched", "status": "complete", "valid": true}
{"session": 342, "of": 786, "workload_id": "HuggingFaceTB--SmolLM2-135M--code--p128--w8", "scenario": "key_late", "seed": 9817, "repetition": 1, "variant": "allcuts_batched", "status": "complete", "valid": true}
{"session": 343, "of": 786, "workload_id": "HuggingFaceTB--SmolLM2-135M--code--p128--w8", "scenario": "key_late", "seed": 9817, "repetition": 1, "variant": "full_batched", "status": "complete", "valid": true}
{"session": 344, "of": 786, "workload_id": "HuggingFaceTB--SmolLM2-135M--code--p128--w8", "scenario": "value_late", "seed": 7431, "repetition": 0, "variant": "full_batched", "status": "complete", "valid": true}
{"session": 345, "of": 786, "workload_id": "HuggingFaceTB--SmolLM2-135M--code--p128--w8", "scenario": "value_late", "seed": 7431, "repetition": 0, "variant": "sparse_batched", "status": "complete", "valid": true}
{"session": 346, "of": 786, "workload_id": "HuggingFaceTB--SmolLM2-135M--code--p128--w8", "scenario": "value_late", "seed": 7431, "repetition": 0, "variant": "allcuts_batched", "status": "complete", "valid": true}
{"session": 347, "of": 786, "workload_id": "HuggingFaceTB--SmolLM2-135M--code--p128--w8", "scenario": "value_late", "seed": 7431, "repetition": 0, "variant": "full_legacy", "status": "complete", "valid": true}
{"session": 348, "of": 786, "workload_id": "HuggingFaceTB--SmolLM2-135M--code--p128--w8", "scenario": "value_late", "seed": 7431, "repetition": 0, "variant": "sparse_legacy", "status": "complete", "valid": true}
{"session": 349, "of": 786, "workload_id": "HuggingFaceTB--SmolLM2-135M--code--p128--w8", "scenario": "value_late", "seed": 7431, "repetition": 1, "variant": "sparse_batched", "status": "complete", "valid": true}
{"session": 350, "of": 786, "workload_id": "HuggingFaceTB--SmolLM2-135M--code--p128--w8", "scenario": "value_late", "seed": 7431, "repetition": 1, "variant": "allcuts_batched", "status": "complete", "valid": true}
{"session": 351, "of": 786, "workload_id": "HuggingFaceTB--SmolLM2-135M--code--p128--w8", "scenario": "value_late", "seed": 7431, "repetition": 1, "variant": "full_legacy", "status": "complete", "valid": true}
{"session": 352, "of": 786, "workload_id": "HuggingFaceTB--SmolLM2-135M--code--p128--w8", "scenario": "value_late", "seed": 7431, "repetition": 1, "variant": "sparse_legacy", "status": "complete", "valid": true}
{"session": 353, "of": 786, "workload_id": "HuggingFaceTB--SmolLM2-135M--code--p128--w8", "scenario": "value_late", "seed": 7431, "repetition": 1, "variant": "full_batched", "status": "complete", "valid": true}
{"session": 354, "of": 786, "workload_id": "HuggingFaceTB--SmolLM2-135M--code--p128--w8", "scenario": "value_late", "seed": 9817, "repetition": 0, "variant": "full_batched", "status": "complete", "valid": true}
{"session": 355, "of": 786, "workload_id": "HuggingFaceTB--SmolLM2-135M--code--p128--w8", "scenario": "value_late", "seed": 9817, "repetition": 0, "variant": "sparse_batched", "status": "complete", "valid": true}
{"session": 356, "of": 786, "workload_id": "HuggingFaceTB--SmolLM2-135M--code--p128--w8", "scenario": "value_late", "seed": 9817, "repetition": 0, "variant": "allcuts_batched", "status": "complete", "valid": true}
{"session": 357, "of": 786, "workload_id": "HuggingFaceTB--SmolLM2-135M--code--p128--w8", "scenario": "value_late", "seed": 9817, "repetition": 0, "variant": "full_legacy", "status": "complete", "valid": true}
{"session": 358, "of": 786, "workload_id": "HuggingFaceTB--SmolLM2-135M--code--p128--w8", "scenario": "value_late", "seed": 9817, "repetition": 0, "variant": "sparse_legacy", "status": "complete", "valid": true}
{"session": 359, "of": 786, "workload_id": "HuggingFaceTB--SmolLM2-135M--code--p128--w8", "scenario": "value_late", "seed": 9817, "repetition": 1, "variant": "sparse_batched", "status": "complete", "valid": true}
{"session": 360, "of": 786, "workload_id": "HuggingFaceTB--SmolLM2-135M--code--p128--w8", "scenario": "value_late", "seed": 9817, "repetition": 1, "variant": "allcuts_batched", "status": "complete", "valid": true}
{"session": 361, "of": 786, "workload_id": "HuggingFaceTB--SmolLM2-135M--code--p128--w8", "scenario": "value_late", "seed": 9817, "repetition": 1, "variant": "full_legacy", "status": "complete", "valid": true}
{"session": 362, "of": 786, "workload_id": "HuggingFaceTB--SmolLM2-135M--code--p128--w8", "scenario": "value_late", "seed": 9817, "repetition": 1, "variant": "sparse_legacy", "status": "complete", "valid": true}
{"session": 363, "of": 786, "workload_id": "HuggingFaceTB--SmolLM2-135M--code--p128--w8", "scenario": "value_late", "seed": 9817, "repetition": 1, "variant": "full_batched", "status": "complete", "valid": true}
{"session": 364, "of": 786, "workload_id": "HuggingFaceTB--SmolLM2-135M--code--p128--w8", "scenario": "multi_prefix", "seed": 7431, "repetition": 0, "variant": "full_batched", "status": "complete", "valid": true}
{"session": 365, "of": 786, "workload_id": "HuggingFaceTB--SmolLM2-135M--code--p128--w8", "scenario": "multi_prefix", "seed": 7431, "repetition": 0, "variant": "sparse_batched", "status": "complete", "valid": true}
{"session": 366, "of": 786, "workload_id": "HuggingFaceTB--SmolLM2-135M--code--p128--w8", "scenario": "multi_prefix", "seed": 7431, "repetition": 0, "variant": "allcuts_batched", "status": "complete", "valid": true}
{"session": 367, "of": 786, "workload_id": "HuggingFaceTB--SmolLM2-135M--code--p128--w8", "scenario": "multi_prefix", "seed": 7431, "repetition": 1, "variant": "sparse_batched", "status": "complete", "valid": true}
{"session": 368, "of": 786, "workload_id": "HuggingFaceTB--SmolLM2-135M--code--p128--w8", "scenario": "multi_prefix", "seed": 7431, "repetition": 1, "variant": "allcuts_batched", "status": "complete", "valid": true}
{"session": 369, "of": 786, "workload_id": "HuggingFaceTB--SmolLM2-135M--code--p128--w8", "scenario": "multi_prefix", "seed": 7431, "repetition": 1, "variant": "full_batched", "status": "complete", "valid": true}
{"session": 370, "of": 786, "workload_id": "HuggingFaceTB--SmolLM2-135M--code--p128--w8", "scenario": "multi_prefix", "seed": 9817, "repetition": 0, "variant": "full_batched", "status": "complete", "valid": true}
{"session": 371, "of": 786, "workload_id": "HuggingFaceTB--SmolLM2-135M--code--p128--w8", "scenario": "multi_prefix", "seed": 9817, "repetition": 0, "variant": "sparse_batched", "status": "complete", "valid": true}
{"session": 372, "of": 786, "workload_id": "HuggingFaceTB--SmolLM2-135M--code--p128--w8", "scenario": "multi_prefix", "seed": 9817, "repetition": 0, "variant": "allcuts_batched", "status": "complete", "valid": true}
{"session": 373, "of": 786, "workload_id": "HuggingFaceTB--SmolLM2-135M--code--p128--w8", "scenario": "multi_prefix", "seed": 9817, "repetition": 1, "variant": "sparse_batched", "status": "complete", "valid": true}
{"session": 374, "of": 786, "workload_id": "HuggingFaceTB--SmolLM2-135M--code--p128--w8", "scenario": "multi_prefix", "seed": 9817, "repetition": 1, "variant": "allcuts_batched", "status": "complete", "valid": true}
{"session": 375, "of": 786, "workload_id": "HuggingFaceTB--SmolLM2-135M--code--p128--w8", "scenario": "multi_prefix", "seed": 9817, "repetition": 1, "variant": "full_batched", "status": "complete", "valid": true}
{"session": 376, "of": 786, "workload_id": "HuggingFaceTB--SmolLM2-135M--code--p128--w8", "scenario": "repeated_prefix", "seed": 7431, "repetition": 0, "variant": "full_batched", "status": "complete", "valid": true}
{"session": 377, "of": 786, "workload_id": "HuggingFaceTB--SmolLM2-135M--code--p128--w8", "scenario": "repeated_prefix", "seed": 7431, "repetition": 0, "variant": "sparse_batched", "status": "complete", "valid": true}
{"session": 378, "of": 786, "workload_id": "HuggingFaceTB--SmolLM2-135M--code--p128--w8", "scenario": "repeated_prefix", "seed": 7431, "repetition": 0, "variant": "allcuts_batched", "status": "complete", "valid": true}
{"session": 379, "of": 786, "workload_id": "HuggingFaceTB--SmolLM2-135M--code--p128--w8", "scenario": "repeated_prefix", "seed": 7431, "repetition": 1, "variant": "sparse_batched", "status": "complete", "valid": true}
{"session": 380, "of": 786, "workload_id": "HuggingFaceTB--SmolLM2-135M--code--p128--w8", "scenario": "repeated_prefix", "seed": 7431, "repetition": 1, "variant": "allcuts_batched", "status": "complete", "valid": true}
{"session": 381, "of": 786, "workload_id": "HuggingFaceTB--SmolLM2-135M--code--p128--w8", "scenario": "repeated_prefix", "seed": 7431, "repetition": 1, "variant": "full_batched", "status": "complete", "valid": true}
{"session": 382, "of": 786, "workload_id": "HuggingFaceTB--SmolLM2-135M--code--p128--w8", "scenario": "repeated_prefix", "seed": 9817, "repetition": 0, "variant": "full_batched", "status": "complete", "valid": true}
{"session": 383, "of": 786, "workload_id": "HuggingFaceTB--SmolLM2-135M--code--p128--w8", "scenario": "repeated_prefix", "seed": 9817, "repetition": 0, "variant": "sparse_batched", "status": "complete", "valid": true}
{"session": 384, "of": 786, "workload_id": "HuggingFaceTB--SmolLM2-135M--code--p128--w8", "scenario": "repeated_prefix", "seed": 9817, "repetition": 0, "variant": "allcuts_batched", "status": "complete", "valid": true}
{"session": 385, "of": 786, "workload_id": "HuggingFaceTB--SmolLM2-135M--code--p128--w8", "scenario": "repeated_prefix", "seed": 9817, "repetition": 1, "variant": "sparse_batched", "status": "complete", "valid": true}
{"session": 386, "of": 786, "workload_id": "HuggingFaceTB--SmolLM2-135M--code--p128--w8", "scenario": "repeated_prefix", "seed": 9817, "repetition": 1, "variant": "allcuts_batched", "status": "complete", "valid": true}
{"session": 387, "of": 786, "workload_id": "HuggingFaceTB--SmolLM2-135M--code--p128--w8", "scenario": "repeated_prefix", "seed": 9817, "repetition": 1, "variant": "full_batched", "status": "complete", "valid": true}
{"session": 388, "of": 786, "workload_id": "HuggingFaceTB--SmolLM2-135M--code--p128--w8", "scenario": "journal_corruption", "seed": 7431, "repetition": 0, "variant": "full_batched", "status": "complete", "valid": true}
{"session": 389, "of": 786, "workload_id": "HuggingFaceTB--SmolLM2-135M--code--p128--w8", "scenario": "journal_corruption", "seed": 7431, "repetition": 0, "variant": "sparse_batched", "status": "complete", "valid": true}
{"session": 390, "of": 786, "workload_id": "HuggingFaceTB--SmolLM2-135M--code--p128--w8", "scenario": "journal_corruption", "seed": 7431, "repetition": 0, "variant": "allcuts_batched", "status": "complete", "valid": true}
{"session": 391, "of": 786, "workload_id": "HuggingFaceTB--SmolLM2-135M--code--p128--w8", "scenario": "checkpoint_corruption", "seed": 7431, "repetition": 0, "variant": "full_batched", "status": "expected_abort", "valid": true}
{"session": 392, "of": 786, "workload_id": "HuggingFaceTB--SmolLM2-135M--code--p128--w8", "scenario": "checkpoint_corruption", "seed": 7431, "repetition": 0, "variant": "sparse_batched", "status": "expected_abort", "valid": true}
{"session": 393, "of": 786, "workload_id": "HuggingFaceTB--SmolLM2-135M--code--p128--w8", "scenario": "checkpoint_corruption", "seed": 7431, "repetition": 0, "variant": "allcuts_batched", "status": "expected_abort", "valid": true}
{"session": 394, "of": 786, "workload_id": "HuggingFaceTB--SmolLM2-135M--code--p2048--w16", "scenario": "clean", "seed": 7431, "repetition": 0, "variant": "native", "status": "complete", "valid": true}
{"session": 395, "of": 786, "workload_id": "HuggingFaceTB--SmolLM2-135M--code--p2048--w16", "scenario": "clean", "seed": 7431, "repetition": 0, "variant": "bare", "status": "complete", "valid": true}
{"session": 396, "of": 786, "workload_id": "HuggingFaceTB--SmolLM2-135M--code--p2048--w16", "scenario": "clean", "seed": 7431, "repetition": 0, "variant": "full_batched", "status": "complete", "valid": true}
{"session": 397, "of": 786, "workload_id": "HuggingFaceTB--SmolLM2-135M--code--p2048--w16", "scenario": "clean", "seed": 7431, "repetition": 0, "variant": "sparse_batched", "status": "complete", "valid": true}
{"session": 398, "of": 786, "workload_id": "HuggingFaceTB--SmolLM2-135M--code--p2048--w16", "scenario": "clean", "seed": 7431, "repetition": 0, "variant": "allcuts_batched", "status": "complete", "valid": true}
{"session": 399, "of": 786, "workload_id": "HuggingFaceTB--SmolLM2-135M--code--p2048--w16", "scenario": "clean", "seed": 7431, "repetition": 0, "variant": "full_legacy", "status": "complete", "valid": true}
{"session": 400, "of": 786, "workload_id": "HuggingFaceTB--SmolLM2-135M--code--p2048--w16", "scenario": "clean", "seed": 7431, "repetition": 0, "variant": "sparse_legacy", "status": "complete", "valid": true}
{"session": 401, "of": 786, "workload_id": "HuggingFaceTB--SmolLM2-135M--code--p2048--w16", "scenario": "clean", "seed": 7431, "repetition": 1, "variant": "bare", "status": "complete", "valid": true}
{"session": 402, "of": 786, "workload_id": "HuggingFaceTB--SmolLM2-135M--code--p2048--w16", "scenario": "clean", "seed": 7431, "repetition": 1, "variant": "full_batched", "status": "complete", "valid": true}
{"session": 403, "of": 786, "workload_id": "HuggingFaceTB--SmolLM2-135M--code--p2048--w16", "scenario": "clean", "seed": 7431, "repetition": 1, "variant": "sparse_batched", "status": "complete", "valid": true}
{"session": 404, "of": 786, "workload_id": "HuggingFaceTB--SmolLM2-135M--code--p2048--w16", "scenario": "clean", "seed": 7431, "repetition": 1, "variant": "allcuts_batched", "status": "complete", "valid": true}
{"session": 405, "of": 786, "workload_id": "HuggingFaceTB--SmolLM2-135M--code--p2048--w16", "scenario": "clean", "seed": 7431, "repetition": 1, "variant": "full_legacy", "status": "complete", "valid": true}
{"session": 406, "of": 786, "workload_id": "HuggingFaceTB--SmolLM2-135M--code--p2048--w16", "scenario": "clean", "seed": 7431, "repetition": 1, "variant": "sparse_legacy", "status": "complete", "valid": true}
{"session": 407, "of": 786, "workload_id": "HuggingFaceTB--SmolLM2-135M--code--p2048--w16", "scenario": "clean", "seed": 7431, "repetition": 1, "variant": "native", "status": "complete", "valid": true}
{"session": 408, "of": 786, "workload_id": "HuggingFaceTB--SmolLM2-135M--code--p2048--w16", "scenario": "clean", "seed": 7431, "repetition": 2, "variant": "full_batched", "status": "complete", "valid": true}
{"session": 409, "of": 786, "workload_id": "HuggingFaceTB--SmolLM2-135M--code--p2048--w16", "scenario": "clean", "seed": 7431, "repetition": 2, "variant": "sparse_batched", "status": "complete", "valid": true}
{"session": 410, "of": 786, "workload_id": "HuggingFaceTB--SmolLM2-135M--code--p2048--w16", "scenario": "clean", "seed": 7431, "repetition": 2, "variant": "allcuts_batched", "status": "complete", "valid": true}
{"session": 411, "of": 786, "workload_id": "HuggingFaceTB--SmolLM2-135M--code--p2048--w16", "scenario": "clean", "seed": 7431, "repetition": 2, "variant": "full_legacy", "status": "complete", "valid": true}
{"session": 412, "of": 786, "workload_id": "HuggingFaceTB--SmolLM2-135M--code--p2048--w16", "scenario": "clean", "seed": 7431, "repetition": 2, "variant": "sparse_legacy", "status": "complete", "valid": true}
{"session": 413, "of": 786, "workload_id": "HuggingFaceTB--SmolLM2-135M--code--p2048--w16", "scenario": "clean", "seed": 7431, "repetition": 2, "variant": "native", "status": "complete", "valid": true}
{"session": 414, "of": 786, "workload_id": "HuggingFaceTB--SmolLM2-135M--code--p2048--w16", "scenario": "clean", "seed": 7431, "repetition": 2, "variant": "bare", "status": "complete", "valid": true}
{"session": 415, "of": 786, "workload_id": "HuggingFaceTB--SmolLM2-135M--code--p2048--w16", "scenario": "key_early", "seed": 7431, "repetition": 0, "variant": "full_batched", "status": "complete", "valid": true}
{"session": 416, "of": 786, "workload_id": "HuggingFaceTB--SmolLM2-135M--code--p2048--w16", "scenario": "key_early", "seed": 7431, "repetition": 0, "variant": "sparse_batched", "status": "complete", "valid": true}
{"session": 417, "of": 786, "workload_id": "HuggingFaceTB--SmolLM2-135M--code--p2048--w16", "scenario": "key_early", "seed": 7431, "repetition": 0, "variant": "allcuts_batched", "status": "complete", "valid": true}
{"session": 418, "of": 786, "workload_id": "HuggingFaceTB--SmolLM2-135M--code--p2048--w16", "scenario": "key_early", "seed": 7431, "repetition": 1, "variant": "sparse_batched", "status": "complete", "valid": true}
{"session": 419, "of": 786, "workload_id": "HuggingFaceTB--SmolLM2-135M--code--p2048--w16", "scenario": "key_early", "seed": 7431, "repetition": 1, "variant": "allcuts_batched", "status": "complete", "valid": true}
{"session": 420, "of": 786, "workload_id": "HuggingFaceTB--SmolLM2-135M--code--p2048--w16", "scenario": "key_early", "seed": 7431, "repetition": 1, "variant": "full_batched", "status": "complete", "valid": true}
{"session": 421, "of": 786, "workload_id": "HuggingFaceTB--SmolLM2-135M--code--p2048--w16", "scenario": "key_early", "seed": 9817, "repetition": 0, "variant": "full_batched", "status": "complete", "valid": true}
{"session": 422, "of": 786, "workload_id": "HuggingFaceTB--SmolLM2-135M--code--p2048--w16", "scenario": "key_early", "seed": 9817, "repetition": 0, "variant": "sparse_batched", "status": "complete", "valid": true}
{"session": 423, "of": 786, "workload_id": "HuggingFaceTB--SmolLM2-135M--code--p2048--w16", "scenario": "key_early", "seed": 9817, "repetition": 0, "variant": "allcuts_batched", "status": "complete", "valid": true}
{"session": 424, "of": 786, "workload_id": "HuggingFaceTB--SmolLM2-135M--code--p2048--w16", "scenario": "key_early", "seed": 9817, "repetition": 1, "variant": "sparse_batched", "status": "complete", "valid": true}
{"session": 425, "of": 786, "workload_id": "HuggingFaceTB--SmolLM2-135M--code--p2048--w16", "scenario": "key_early", "seed": 9817, "repetition": 1, "variant": "allcuts_batched", "status": "complete", "valid": true}
{"session": 426, "of": 786, "workload_id": "HuggingFaceTB--SmolLM2-135M--code--p2048--w16", "scenario": "key_early", "seed": 9817, "repetition": 1, "variant": "full_batched", "status": "complete", "valid": true}
{"session": 427, "of": 786, "workload_id": "HuggingFaceTB--SmolLM2-135M--code--p2048--w16", "scenario": "value_early", "seed": 7431, "repetition": 0, "variant": "full_batched", "status": "complete", "valid": true}
{"session": 428, "of": 786, "workload_id": "HuggingFaceTB--SmolLM2-135M--code--p2048--w16", "scenario": "value_early", "seed": 7431, "repetition": 0, "variant": "sparse_batched", "status": "complete", "valid": true}
{"session": 429, "of": 786, "workload_id": "HuggingFaceTB--SmolLM2-135M--code--p2048--w16", "scenario": "value_early", "seed": 7431, "repetition": 0, "variant": "allcuts_batched", "status": "complete", "valid": true}
{"session": 430, "of": 786, "workload_id": "HuggingFaceTB--SmolLM2-135M--code--p2048--w16", "scenario": "value_early", "seed": 7431, "repetition": 1, "variant": "sparse_batched", "status": "complete", "valid": true}
{"session": 431, "of": 786, "workload_id": "HuggingFaceTB--SmolLM2-135M--code--p2048--w16", "scenario": "value_early", "seed": 7431, "repetition": 1, "variant": "allcuts_batched", "status": "complete", "valid": true}
{"session": 432, "of": 786, "workload_id": "HuggingFaceTB--SmolLM2-135M--code--p2048--w16", "scenario": "value_early", "seed": 7431, "repetition": 1, "variant": "full_batched", "status": "complete", "valid": true}
{"session": 433, "of": 786, "workload_id": "HuggingFaceTB--SmolLM2-135M--code--p2048--w16", "scenario": "value_early", "seed": 9817, "repetition": 0, "variant": "full_batched", "status": "complete", "valid": true}
{"session": 434, "of": 786, "workload_id": "HuggingFaceTB--SmolLM2-135M--code--p2048--w16", "scenario": "value_early", "seed": 9817, "repetition": 0, "variant": "sparse_batched", "status": "complete", "valid": true}
{"session": 435, "of": 786, "workload_id": "HuggingFaceTB--SmolLM2-135M--code--p2048--w16", "scenario": "value_early", "seed": 9817, "repetition": 0, "variant": "allcuts_batched", "status": "complete", "valid": true}
{"session": 436, "of": 786, "workload_id": "HuggingFaceTB--SmolLM2-135M--code--p2048--w16", "scenario": "value_early", "seed": 9817, "repetition": 1, "variant": "sparse_batched", "status": "complete", "valid": true}
{"session": 437, "of": 786, "workload_id": "HuggingFaceTB--SmolLM2-135M--code--p2048--w16", "scenario": "value_early", "seed": 9817, "repetition": 1, "variant": "allcuts_batched", "status": "complete", "valid": true}
{"session": 438, "of": 786, "workload_id": "HuggingFaceTB--SmolLM2-135M--code--p2048--w16", "scenario": "value_early", "seed": 9817, "repetition": 1, "variant": "full_batched", "status": "complete", "valid": true}
{"session": 439, "of": 786, "workload_id": "HuggingFaceTB--SmolLM2-135M--code--p2048--w16", "scenario": "key_mid", "seed": 7431, "repetition": 0, "variant": "full_batched", "status": "complete", "valid": true}
{"session": 440, "of": 786, "workload_id": "HuggingFaceTB--SmolLM2-135M--code--p2048--w16", "scenario": "key_mid", "seed": 7431, "repetition": 0, "variant": "sparse_batched", "status": "complete", "valid": true}
{"session": 441, "of": 786, "workload_id": "HuggingFaceTB--SmolLM2-135M--code--p2048--w16", "scenario": "key_mid", "seed": 7431, "repetition": 0, "variant": "allcuts_batched", "status": "complete", "valid": true}
{"session": 442, "of": 786, "workload_id": "HuggingFaceTB--SmolLM2-135M--code--p2048--w16", "scenario": "key_mid", "seed": 7431, "repetition": 1, "variant": "sparse_batched", "status": "complete", "valid": true}
{"session": 443, "of": 786, "workload_id": "HuggingFaceTB--SmolLM2-135M--code--p2048--w16", "scenario": "key_mid", "seed": 7431, "repetition": 1, "variant": "allcuts_batched", "status": "complete", "valid": true}
{"session": 444, "of": 786, "workload_id": "HuggingFaceTB--SmolLM2-135M--code--p2048--w16", "scenario": "key_mid", "seed": 7431, "repetition": 1, "variant": "full_batched", "status": "complete", "valid": true}
{"session": 445, "of": 786, "workload_id": "HuggingFaceTB--SmolLM2-135M--code--p2048--w16", "scenario": "key_mid", "seed": 9817, "repetition": 0, "variant": "full_batched", "status": "complete", "valid": true}
{"session": 446, "of": 786, "workload_id": "HuggingFaceTB--SmolLM2-135M--code--p2048--w16", "scenario": "key_mid", "seed": 9817, "repetition": 0, "variant": "sparse_batched", "status": "complete", "valid": true}
{"session": 447, "of": 786, "workload_id": "HuggingFaceTB--SmolLM2-135M--code--p2048--w16", "scenario": "key_mid", "seed": 9817, "repetition": 0, "variant": "allcuts_batched", "status": "complete", "valid": true}
{"session": 448, "of": 786, "workload_id": "HuggingFaceTB--SmolLM2-135M--code--p2048--w16", "scenario": "key_mid", "seed": 9817, "repetition": 1, "variant": "sparse_batched", "status": "complete", "valid": true}
{"session": 449, "of": 786, "workload_id": "HuggingFaceTB--SmolLM2-135M--code--p2048--w16", "scenario": "key_mid", "seed": 9817, "repetition": 1, "variant": "allcuts_batched", "status": "complete", "valid": true}
{"session": 450, "of": 786, "workload_id": "HuggingFaceTB--SmolLM2-135M--code--p2048--w16", "scenario": "key_mid", "seed": 9817, "repetition": 1, "variant": "full_batched", "status": "complete", "valid": true}
{"session": 451, "of": 786, "workload_id": "HuggingFaceTB--SmolLM2-135M--code--p2048--w16", "scenario": "value_mid", "seed": 7431, "repetition": 0, "variant": "full_batched", "status": "complete", "valid": true}
{"session": 452, "of": 786, "workload_id": "HuggingFaceTB--SmolLM2-135M--code--p2048--w16", "scenario": "value_mid", "seed": 7431, "repetition": 0, "variant": "sparse_batched", "status": "complete", "valid": true}
{"session": 453, "of": 786, "workload_id": "HuggingFaceTB--SmolLM2-135M--code--p2048--w16", "scenario": "value_mid", "seed": 7431, "repetition": 0, "variant": "allcuts_batched", "status": "complete", "valid": true}
{"session": 454, "of": 786, "workload_id": "HuggingFaceTB--SmolLM2-135M--code--p2048--w16", "scenario": "value_mid", "seed": 7431, "repetition": 1, "variant": "sparse_batched", "status": "complete", "valid": true}
{"session": 455, "of": 786, "workload_id": "HuggingFaceTB--SmolLM2-135M--code--p2048--w16", "scenario": "value_mid", "seed": 7431, "repetition": 1, "variant": "allcuts_batched", "status": "complete", "valid": true}
{"session": 456, "of": 786, "workload_id": "HuggingFaceTB--SmolLM2-135M--code--p2048--w16", "scenario": "value_mid", "seed": 7431, "repetition": 1, "variant": "full_batched", "status": "complete", "valid": true}
{"session": 457, "of": 786, "workload_id": "HuggingFaceTB--SmolLM2-135M--code--p2048--w16", "scenario": "value_mid", "seed": 9817, "repetition": 0, "variant": "full_batched", "status": "complete", "valid": true}
{"session": 458, "of": 786, "workload_id": "HuggingFaceTB--SmolLM2-135M--code--p2048--w16", "scenario": "value_mid", "seed": 9817, "repetition": 0, "variant": "sparse_batched", "status": "complete", "valid": true}
{"session": 459, "of": 786, "workload_id": "HuggingFaceTB--SmolLM2-135M--code--p2048--w16", "scenario": "value_mid", "seed": 9817, "repetition": 0, "variant": "allcuts_batched", "status": "complete", "valid": true}
{"session": 460, "of": 786, "workload_id": "HuggingFaceTB--SmolLM2-135M--code--p2048--w16", "scenario": "value_mid", "seed": 9817, "repetition": 1, "variant": "sparse_batched", "status": "complete", "valid": true}
{"session": 461, "of": 786, "workload_id": "HuggingFaceTB--SmolLM2-135M--code--p2048--w16", "scenario": "value_mid", "seed": 9817, "repetition": 1, "variant": "allcuts_batched", "status": "complete", "valid": true}
{"session": 462, "of": 786, "workload_id": "HuggingFaceTB--SmolLM2-135M--code--p2048--w16", "scenario": "value_mid", "seed": 9817, "repetition": 1, "variant": "full_batched", "status": "complete", "valid": true}
{"session": 463, "of": 786, "workload_id": "HuggingFaceTB--SmolLM2-135M--code--p2048--w16", "scenario": "key_late", "seed": 7431, "repetition": 0, "variant": "full_batched", "status": "complete", "valid": true}
{"session": 464, "of": 786, "workload_id": "HuggingFaceTB--SmolLM2-135M--code--p2048--w16", "scenario": "key_late", "seed": 7431, "repetition": 0, "variant": "sparse_batched", "status": "complete", "valid": true}
{"session": 465, "of": 786, "workload_id": "HuggingFaceTB--SmolLM2-135M--code--p2048--w16", "scenario": "key_late", "seed": 7431, "repetition": 0, "variant": "allcuts_batched", "status": "complete", "valid": true}
{"session": 466, "of": 786, "workload_id": "HuggingFaceTB--SmolLM2-135M--code--p2048--w16", "scenario": "key_late", "seed": 7431, "repetition": 1, "variant": "sparse_batched", "status": "complete", "valid": true}
{"session": 467, "of": 786, "workload_id": "HuggingFaceTB--SmolLM2-135M--code--p2048--w16", "scenario": "key_late", "seed": 7431, "repetition": 1, "variant": "allcuts_batched", "status": "complete", "valid": true}
{"session": 468, "of": 786, "workload_id": "HuggingFaceTB--SmolLM2-135M--code--p2048--w16", "scenario": "key_late", "seed": 7431, "repetition": 1, "variant": "full_batched", "status": "complete", "valid": true}
{"session": 469, "of": 786, "workload_id": "HuggingFaceTB--SmolLM2-135M--code--p2048--w16", "scenario": "key_late", "seed": 9817, "repetition": 0, "variant": "full_batched", "status": "complete", "valid": true}
{"session": 470, "of": 786, "workload_id": "HuggingFaceTB--SmolLM2-135M--code--p2048--w16", "scenario": "key_late", "seed": 9817, "repetition": 0, "variant": "sparse_batched", "status": "complete", "valid": true}
{"session": 471, "of": 786, "workload_id": "HuggingFaceTB--SmolLM2-135M--code--p2048--w16", "scenario": "key_late", "seed": 9817, "repetition": 0, "variant": "allcuts_batched", "status": "complete", "valid": true}
{"session": 472, "of": 786, "workload_id": "HuggingFaceTB--SmolLM2-135M--code--p2048--w16", "scenario": "key_late", "seed": 9817, "repetition": 1, "variant": "sparse_batched", "status": "complete", "valid": true}
{"session": 473, "of": 786, "workload_id": "HuggingFaceTB--SmolLM2-135M--code--p2048--w16", "scenario": "key_late", "seed": 9817, "repetition": 1, "variant": "allcuts_batched", "status": "complete", "valid": true}
{"session": 474, "of": 786, "workload_id": "HuggingFaceTB--SmolLM2-135M--code--p2048--w16", "scenario": "key_late", "seed": 9817, "repetition": 1, "variant": "full_batched", "status": "complete", "valid": true}
{"session": 475, "of": 786, "workload_id": "HuggingFaceTB--SmolLM2-135M--code--p2048--w16", "scenario": "value_late", "seed": 7431, "repetition": 0, "variant": "full_batched", "status": "complete", "valid": true}
{"session": 476, "of": 786, "workload_id": "HuggingFaceTB--SmolLM2-135M--code--p2048--w16", "scenario": "value_late", "seed": 7431, "repetition": 0, "variant": "sparse_batched", "status": "complete", "valid": true}
{"session": 477, "of": 786, "workload_id": "HuggingFaceTB--SmolLM2-135M--code--p2048--w16", "scenario": "value_late", "seed": 7431, "repetition": 0, "variant": "allcuts_batched", "status": "complete", "valid": true}
{"session": 478, "of": 786, "workload_id": "HuggingFaceTB--SmolLM2-135M--code--p2048--w16", "scenario": "value_late", "seed": 7431, "repetition": 0, "variant": "full_legacy", "status": "complete", "valid": true}
{"session": 479, "of": 786, "workload_id": "HuggingFaceTB--SmolLM2-135M--code--p2048--w16", "scenario": "value_late", "seed": 7431, "repetition": 0, "variant": "sparse_legacy", "status": "complete", "valid": true}
{"session": 480, "of": 786, "workload_id": "HuggingFaceTB--SmolLM2-135M--code--p2048--w16", "scenario": "value_late", "seed": 7431, "repetition": 1, "variant": "sparse_batched", "status": "complete", "valid": true}
{"session": 481, "of": 786, "workload_id": "HuggingFaceTB--SmolLM2-135M--code--p2048--w16", "scenario": "value_late", "seed": 7431, "repetition": 1, "variant": "allcuts_batched", "status": "complete", "valid": true}
{"session": 482, "of": 786, "workload_id": "HuggingFaceTB--SmolLM2-135M--code--p2048--w16", "scenario": "value_late", "seed": 7431, "repetition": 1, "variant": "full_legacy", "status": "complete", "valid": true}
{"session": 483, "of": 786, "workload_id": "HuggingFaceTB--SmolLM2-135M--code--p2048--w16", "scenario": "value_late", "seed": 7431, "repetition": 1, "variant": "sparse_legacy", "status": "complete", "valid": true}
{"session": 484, "of": 786, "workload_id": "HuggingFaceTB--SmolLM2-135M--code--p2048--w16", "scenario": "value_late", "seed": 7431, "repetition": 1, "variant": "full_batched", "status": "complete", "valid": true}
{"session": 485, "of": 786, "workload_id": "HuggingFaceTB--SmolLM2-135M--code--p2048--w16", "scenario": "value_late", "seed": 9817, "repetition": 0, "variant": "full_batched", "status": "complete", "valid": true}
{"session": 486, "of": 786, "workload_id": "HuggingFaceTB--SmolLM2-135M--code--p2048--w16", "scenario": "value_late", "seed": 9817, "repetition": 0, "variant": "sparse_batched", "status": "complete", "valid": true}
{"session": 487, "of": 786, "workload_id": "HuggingFaceTB--SmolLM2-135M--code--p2048--w16", "scenario": "value_late", "seed": 9817, "repetition": 0, "variant": "allcuts_batched", "status": "complete", "valid": true}
{"session": 488, "of": 786, "workload_id": "HuggingFaceTB--SmolLM2-135M--code--p2048--w16", "scenario": "value_late", "seed": 9817, "repetition": 0, "variant": "full_legacy", "status": "complete", "valid": true}
{"session": 489, "of": 786, "workload_id": "HuggingFaceTB--SmolLM2-135M--code--p2048--w16", "scenario": "value_late", "seed": 9817, "repetition": 0, "variant": "sparse_legacy", "status": "complete", "valid": true}
{"session": 490, "of": 786, "workload_id": "HuggingFaceTB--SmolLM2-135M--code--p2048--w16", "scenario": "value_late", "seed": 9817, "repetition": 1, "variant": "sparse_batched", "status": "complete", "valid": true}
{"session": 491, "of": 786, "workload_id": "HuggingFaceTB--SmolLM2-135M--code--p2048--w16", "scenario": "value_late", "seed": 9817, "repetition": 1, "variant": "allcuts_batched", "status": "complete", "valid": true}
{"session": 492, "of": 786, "workload_id": "HuggingFaceTB--SmolLM2-135M--code--p2048--w16", "scenario": "value_late", "seed": 9817, "repetition": 1, "variant": "full_legacy", "status": "complete", "valid": true}
{"session": 493, "of": 786, "workload_id": "HuggingFaceTB--SmolLM2-135M--code--p2048--w16", "scenario": "value_late", "seed": 9817, "repetition": 1, "variant": "sparse_legacy", "status": "complete", "valid": true}
{"session": 494, "of": 786, "workload_id": "HuggingFaceTB--SmolLM2-135M--code--p2048--w16", "scenario": "value_late", "seed": 9817, "repetition": 1, "variant": "full_batched", "status": "complete", "valid": true}
{"session": 495, "of": 786, "workload_id": "HuggingFaceTB--SmolLM2-135M--code--p2048--w16", "scenario": "multi_prefix", "seed": 7431, "repetition": 0, "variant": "full_batched", "status": "complete", "valid": true}
{"session": 496, "of": 786, "workload_id": "HuggingFaceTB--SmolLM2-135M--code--p2048--w16", "scenario": "multi_prefix", "seed": 7431, "repetition": 0, "variant": "sparse_batched", "status": "complete", "valid": true}
{"session": 497, "of": 786, "workload_id": "HuggingFaceTB--SmolLM2-135M--code--p2048--w16", "scenario": "multi_prefix", "seed": 7431, "repetition": 0, "variant": "allcuts_batched", "status": "complete", "valid": true}
{"session": 498, "of": 786, "workload_id": "HuggingFaceTB--SmolLM2-135M--code--p2048--w16", "scenario": "multi_prefix", "seed": 7431, "repetition": 1, "variant": "sparse_batched", "status": "complete", "valid": true}
{"session": 499, "of": 786, "workload_id": "HuggingFaceTB--SmolLM2-135M--code--p2048--w16", "scenario": "multi_prefix", "seed": 7431, "repetition": 1, "variant": "allcuts_batched", "status": "complete", "valid": true}
{"session": 500, "of": 786, "workload_id": "HuggingFaceTB--SmolLM2-135M--code--p2048--w16", "scenario": "multi_prefix", "seed": 7431, "repetition": 1, "variant": "full_batched", "status": "complete", "valid": true}
{"session": 501, "of": 786, "workload_id": "HuggingFaceTB--SmolLM2-135M--code--p2048--w16", "scenario": "multi_prefix", "seed": 9817, "repetition": 0, "variant": "full_batched", "status": "complete", "valid": true}
{"session": 502, "of": 786, "workload_id": "HuggingFaceTB--SmolLM2-135M--code--p2048--w16", "scenario": "multi_prefix", "seed": 9817, "repetition": 0, "variant": "sparse_batched", "status": "complete", "valid": true}
{"session": 503, "of": 786, "workload_id": "HuggingFaceTB--SmolLM2-135M--code--p2048--w16", "scenario": "multi_prefix", "seed": 9817, "repetition": 0, "variant": "allcuts_batched", "status": "complete", "valid": true}
{"session": 504, "of": 786, "workload_id": "HuggingFaceTB--SmolLM2-135M--code--p2048--w16", "scenario": "multi_prefix", "seed": 9817, "repetition": 1, "variant": "sparse_batched", "status": "complete", "valid": true}
{"session": 505, "of": 786, "workload_id": "HuggingFaceTB--SmolLM2-135M--code--p2048--w16", "scenario": "multi_prefix", "seed": 9817, "repetition": 1, "variant": "allcuts_batched", "status": "complete", "valid": true}
{"session": 506, "of": 786, "workload_id": "HuggingFaceTB--SmolLM2-135M--code--p2048--w16", "scenario": "multi_prefix", "seed": 9817, "repetition": 1, "variant": "full_batched", "status": "complete", "valid": true}
{"session": 507, "of": 786, "workload_id": "HuggingFaceTB--SmolLM2-135M--code--p2048--w16", "scenario": "repeated_prefix", "seed": 7431, "repetition": 0, "variant": "full_batched", "status": "complete", "valid": true}
{"session": 508, "of": 786, "workload_id": "HuggingFaceTB--SmolLM2-135M--code--p2048--w16", "scenario": "repeated_prefix", "seed": 7431, "repetition": 0, "variant": "sparse_batched", "status": "complete", "valid": true}
{"session": 509, "of": 786, "workload_id": "HuggingFaceTB--SmolLM2-135M--code--p2048--w16", "scenario": "repeated_prefix", "seed": 7431, "repetition": 0, "variant": "allcuts_batched", "status": "complete", "valid": true}
{"session": 510, "of": 786, "workload_id": "HuggingFaceTB--SmolLM2-135M--code--p2048--w16", "scenario": "repeated_prefix", "seed": 7431, "repetition": 1, "variant": "sparse_batched", "status": "complete", "valid": true}
{"session": 511, "of": 786, "workload_id": "HuggingFaceTB--SmolLM2-135M--code--p2048--w16", "scenario": "repeated_prefix", "seed": 7431, "repetition": 1, "variant": "allcuts_batched", "status": "complete", "valid": true}
{"session": 512, "of": 786, "workload_id": "HuggingFaceTB--SmolLM2-135M--code--p2048--w16", "scenario": "repeated_prefix", "seed": 7431, "repetition": 1, "variant": "full_batched", "status": "complete", "valid": true}
{"session": 513, "of": 786, "workload_id": "HuggingFaceTB--SmolLM2-135M--code--p2048--w16", "scenario": "repeated_prefix", "seed": 9817, "repetition": 0, "variant": "full_batched", "status": "complete", "valid": true}
{"session": 514, "of": 786, "workload_id": "HuggingFaceTB--SmolLM2-135M--code--p2048--w16", "scenario": "repeated_prefix", "seed": 9817, "repetition": 0, "variant": "sparse_batched", "status": "complete", "valid": true}
{"session": 515, "of": 786, "workload_id": "HuggingFaceTB--SmolLM2-135M--code--p2048--w16", "scenario": "repeated_prefix", "seed": 9817, "repetition": 0, "variant": "allcuts_batched", "status": "complete", "valid": true}
{"session": 516, "of": 786, "workload_id": "HuggingFaceTB--SmolLM2-135M--code--p2048--w16", "scenario": "repeated_prefix", "seed": 9817, "repetition": 1, "variant": "sparse_batched", "status": "complete", "valid": true}
{"session": 517, "of": 786, "workload_id": "HuggingFaceTB--SmolLM2-135M--code--p2048--w16", "scenario": "repeated_prefix", "seed": 9817, "repetition": 1, "variant": "allcuts_batched", "status": "complete", "valid": true}
{"session": 518, "of": 786, "workload_id": "HuggingFaceTB--SmolLM2-135M--code--p2048--w16", "scenario": "repeated_prefix", "seed": 9817, "repetition": 1, "variant": "full_batched", "status": "complete", "valid": true}
{"session": 519, "of": 786, "workload_id": "HuggingFaceTB--SmolLM2-135M--code--p2048--w16", "scenario": "journal_corruption", "seed": 7431, "repetition": 0, "variant": "full_batched", "status": "complete", "valid": true}
{"session": 520, "of": 786, "workload_id": "HuggingFaceTB--SmolLM2-135M--code--p2048--w16", "scenario": "journal_corruption", "seed": 7431, "repetition": 0, "variant": "sparse_batched", "status": "complete", "valid": true}
{"session": 521, "of": 786, "workload_id": "HuggingFaceTB--SmolLM2-135M--code--p2048--w16", "scenario": "journal_corruption", "seed": 7431, "repetition": 0, "variant": "allcuts_batched", "status": "complete", "valid": true}
{"session": 522, "of": 786, "workload_id": "HuggingFaceTB--SmolLM2-135M--code--p2048--w16", "scenario": "checkpoint_corruption", "seed": 7431, "repetition": 0, "variant": "full_batched", "status": "expected_abort", "valid": true}
{"session": 523, "of": 786, "workload_id": "HuggingFaceTB--SmolLM2-135M--code--p2048--w16", "scenario": "checkpoint_corruption", "seed": 7431, "repetition": 0, "variant": "sparse_batched", "status": "expected_abort", "valid": true}
{"session": 524, "of": 786, "workload_id": "HuggingFaceTB--SmolLM2-135M--code--p2048--w16", "scenario": "checkpoint_corruption", "seed": 7431, "repetition": 0, "variant": "allcuts_batched", "status": "expected_abort", "valid": true}
{"session": 525, "of": 786, "workload_id": "HuggingFaceTB--SmolLM2-135M--reasoning--p128--w8", "scenario": "clean", "seed": 7431, "repetition": 0, "variant": "native", "status": "complete", "valid": true}
{"session": 526, "of": 786, "workload_id": "HuggingFaceTB--SmolLM2-135M--reasoning--p128--w8", "scenario": "clean", "seed": 7431, "repetition": 0, "variant": "bare", "status": "complete", "valid": true}
{"session": 527, "of": 786, "workload_id": "HuggingFaceTB--SmolLM2-135M--reasoning--p128--w8", "scenario": "clean", "seed": 7431, "repetition": 0, "variant": "full_batched", "status": "complete", "valid": true}
{"session": 528, "of": 786, "workload_id": "HuggingFaceTB--SmolLM2-135M--reasoning--p128--w8", "scenario": "clean", "seed": 7431, "repetition": 0, "variant": "sparse_batched", "status": "complete", "valid": true}
{"session": 529, "of": 786, "workload_id": "HuggingFaceTB--SmolLM2-135M--reasoning--p128--w8", "scenario": "clean", "seed": 7431, "repetition": 0, "variant": "allcuts_batched", "status": "complete", "valid": true}
{"session": 530, "of": 786, "workload_id": "HuggingFaceTB--SmolLM2-135M--reasoning--p128--w8", "scenario": "clean", "seed": 7431, "repetition": 0, "variant": "full_legacy", "status": "complete", "valid": true}
{"session": 531, "of": 786, "workload_id": "HuggingFaceTB--SmolLM2-135M--reasoning--p128--w8", "scenario": "clean", "seed": 7431, "repetition": 0, "variant": "sparse_legacy", "status": "complete", "valid": true}
{"session": 532, "of": 786, "workload_id": "HuggingFaceTB--SmolLM2-135M--reasoning--p128--w8", "scenario": "clean", "seed": 7431, "repetition": 1, "variant": "bare", "status": "complete", "valid": true}
{"session": 533, "of": 786, "workload_id": "HuggingFaceTB--SmolLM2-135M--reasoning--p128--w8", "scenario": "clean", "seed": 7431, "repetition": 1, "variant": "full_batched", "status": "complete", "valid": true}
{"session": 534, "of": 786, "workload_id": "HuggingFaceTB--SmolLM2-135M--reasoning--p128--w8", "scenario": "clean", "seed": 7431, "repetition": 1, "variant": "sparse_batched", "status": "complete", "valid": true}
{"session": 535, "of": 786, "workload_id": "HuggingFaceTB--SmolLM2-135M--reasoning--p128--w8", "scenario": "clean", "seed": 7431, "repetition": 1, "variant": "allcuts_batched", "status": "complete", "valid": true}
{"session": 536, "of": 786, "workload_id": "HuggingFaceTB--SmolLM2-135M--reasoning--p128--w8", "scenario": "clean", "seed": 7431, "repetition": 1, "variant": "full_legacy", "status": "complete", "valid": true}
{"session": 537, "of": 786, "workload_id": "HuggingFaceTB--SmolLM2-135M--reasoning--p128--w8", "scenario": "clean", "seed": 7431, "repetition": 1, "variant": "sparse_legacy", "status": "complete", "valid": true}
{"session": 538, "of": 786, "workload_id": "HuggingFaceTB--SmolLM2-135M--reasoning--p128--w8", "scenario": "clean", "seed": 7431, "repetition": 1, "variant": "native", "status": "complete", "valid": true}
{"session": 539, "of": 786, "workload_id": "HuggingFaceTB--SmolLM2-135M--reasoning--p128--w8", "scenario": "clean", "seed": 7431, "repetition": 2, "variant": "full_batched", "status": "complete", "valid": true}
{"session": 540, "of": 786, "workload_id": "HuggingFaceTB--SmolLM2-135M--reasoning--p128--w8", "scenario": "clean", "seed": 7431, "repetition": 2, "variant": "sparse_batched", "status": "complete", "valid": true}
{"session": 541, "of": 786, "workload_id": "HuggingFaceTB--SmolLM2-135M--reasoning--p128--w8", "scenario": "clean", "seed": 7431, "repetition": 2, "variant": "allcuts_batched", "status": "complete", "valid": true}
{"session": 542, "of": 786, "workload_id": "HuggingFaceTB--SmolLM2-135M--reasoning--p128--w8", "scenario": "clean", "seed": 7431, "repetition": 2, "variant": "full_legacy", "status": "complete", "valid": true}
{"session": 543, "of": 786, "workload_id": "HuggingFaceTB--SmolLM2-135M--reasoning--p128--w8", "scenario": "clean", "seed": 7431, "repetition": 2, "variant": "sparse_legacy", "status": "complete", "valid": true}
{"session": 544, "of": 786, "workload_id": "HuggingFaceTB--SmolLM2-135M--reasoning--p128--w8", "scenario": "clean", "seed": 7431, "repetition": 2, "variant": "native", "status": "complete", "valid": true}
{"session": 545, "of": 786, "workload_id": "HuggingFaceTB--SmolLM2-135M--reasoning--p128--w8", "scenario": "clean", "seed": 7431, "repetition": 2, "variant": "bare", "status": "complete", "valid": true}
{"session": 546, "of": 786, "workload_id": "HuggingFaceTB--SmolLM2-135M--reasoning--p128--w8", "scenario": "key_early", "seed": 7431, "repetition": 0, "variant": "full_batched", "status": "complete", "valid": true}
{"session": 547, "of": 786, "workload_id": "HuggingFaceTB--SmolLM2-135M--reasoning--p128--w8", "scenario": "key_early", "seed": 7431, "repetition": 0, "variant": "sparse_batched", "status": "complete", "valid": true}
{"session": 548, "of": 786, "workload_id": "HuggingFaceTB--SmolLM2-135M--reasoning--p128--w8", "scenario": "key_early", "seed": 7431, "repetition": 0, "variant": "allcuts_batched", "status": "complete", "valid": true}
{"session": 549, "of": 786, "workload_id": "HuggingFaceTB--SmolLM2-135M--reasoning--p128--w8", "scenario": "key_early", "seed": 7431, "repetition": 1, "variant": "sparse_batched", "status": "complete", "valid": true}
{"session": 550, "of": 786, "workload_id": "HuggingFaceTB--SmolLM2-135M--reasoning--p128--w8", "scenario": "key_early", "seed": 7431, "repetition": 1, "variant": "allcuts_batched", "status": "complete", "valid": true}
{"session": 551, "of": 786, "workload_id": "HuggingFaceTB--SmolLM2-135M--reasoning--p128--w8", "scenario": "key_early", "seed": 7431, "repetition": 1, "variant": "full_batched", "status": "complete", "valid": true}
{"session": 552, "of": 786, "workload_id": "HuggingFaceTB--SmolLM2-135M--reasoning--p128--w8", "scenario": "key_early", "seed": 9817, "repetition": 0, "variant": "full_batched", "status": "complete", "valid": true}
{"session": 553, "of": 786, "workload_id": "HuggingFaceTB--SmolLM2-135M--reasoning--p128--w8", "scenario": "key_early", "seed": 9817, "repetition": 0, "variant": "sparse_batched", "status": "complete", "valid": true}
{"session": 554, "of": 786, "workload_id": "HuggingFaceTB--SmolLM2-135M--reasoning--p128--w8", "scenario": "key_early", "seed": 9817, "repetition": 0, "variant": "allcuts_batched", "status": "complete", "valid": true}
{"session": 555, "of": 786, "workload_id": "HuggingFaceTB--SmolLM2-135M--reasoning--p128--w8", "scenario": "key_early", "seed": 9817, "repetition": 1, "variant": "sparse_batched", "status": "complete", "valid": true}
{"session": 556, "of": 786, "workload_id": "HuggingFaceTB--SmolLM2-135M--reasoning--p128--w8", "scenario": "key_early", "seed": 9817, "repetition": 1, "variant": "allcuts_batched", "status": "complete", "valid": true}
{"session": 557, "of": 786, "workload_id": "HuggingFaceTB--SmolLM2-135M--reasoning--p128--w8", "scenario": "key_early", "seed": 9817, "repetition": 1, "variant": "full_batched", "status": "complete", "valid": true}
{"session": 558, "of": 786, "workload_id": "HuggingFaceTB--SmolLM2-135M--reasoning--p128--w8", "scenario": "value_early", "seed": 7431, "repetition": 0, "variant": "full_batched", "status": "complete", "valid": true}
{"session": 559, "of": 786, "workload_id": "HuggingFaceTB--SmolLM2-135M--reasoning--p128--w8", "scenario": "value_early", "seed": 7431, "repetition": 0, "variant": "sparse_batched", "status": "complete", "valid": true}
{"session": 560, "of": 786, "workload_id": "HuggingFaceTB--SmolLM2-135M--reasoning--p128--w8", "scenario": "value_early", "seed": 7431, "repetition": 0, "variant": "allcuts_batched", "status": "complete", "valid": true}
{"session": 561, "of": 786, "workload_id": "HuggingFaceTB--SmolLM2-135M--reasoning--p128--w8", "scenario": "value_early", "seed": 7431, "repetition": 1, "variant": "sparse_batched", "status": "complete", "valid": true}
{"session": 562, "of": 786, "workload_id": "HuggingFaceTB--SmolLM2-135M--reasoning--p128--w8", "scenario": "value_early", "seed": 7431, "repetition": 1, "variant": "allcuts_batched", "status": "complete", "valid": true}
{"session": 563, "of": 786, "workload_id": "HuggingFaceTB--SmolLM2-135M--reasoning--p128--w8", "scenario": "value_early", "seed": 7431, "repetition": 1, "variant": "full_batched", "status": "complete", "valid": true}
{"session": 564, "of": 786, "workload_id": "HuggingFaceTB--SmolLM2-135M--reasoning--p128--w8", "scenario": "value_early", "seed": 9817, "repetition": 0, "variant": "full_batched", "status": "complete", "valid": true}
{"session": 565, "of": 786, "workload_id": "HuggingFaceTB--SmolLM2-135M--reasoning--p128--w8", "scenario": "value_early", "seed": 9817, "repetition": 0, "variant": "sparse_batched", "status": "complete", "valid": true}
{"session": 566, "of": 786, "workload_id": "HuggingFaceTB--SmolLM2-135M--reasoning--p128--w8", "scenario": "value_early", "seed": 9817, "repetition": 0, "variant": "allcuts_batched", "status": "complete", "valid": true}
{"session": 567, "of": 786, "workload_id": "HuggingFaceTB--SmolLM2-135M--reasoning--p128--w8", "scenario": "value_early", "seed": 9817, "repetition": 1, "variant": "sparse_batched", "status": "complete", "valid": true}
{"session": 568, "of": 786, "workload_id": "HuggingFaceTB--SmolLM2-135M--reasoning--p128--w8", "scenario": "value_early", "seed": 9817, "repetition": 1, "variant": "allcuts_batched", "status": "complete", "valid": true}
{"session": 569, "of": 786, "workload_id": "HuggingFaceTB--SmolLM2-135M--reasoning--p128--w8", "scenario": "value_early", "seed": 9817, "repetition": 1, "variant": "full_batched", "status": "complete", "valid": true}
{"session": 570, "of": 786, "workload_id": "HuggingFaceTB--SmolLM2-135M--reasoning--p128--w8", "scenario": "key_mid", "seed": 7431, "repetition": 0, "variant": "full_batched", "status": "complete", "valid": true}
{"session": 571, "of": 786, "workload_id": "HuggingFaceTB--SmolLM2-135M--reasoning--p128--w8", "scenario": "key_mid", "seed": 7431, "repetition": 0, "variant": "sparse_batched", "status": "complete", "valid": true}
{"session": 572, "of": 786, "workload_id": "HuggingFaceTB--SmolLM2-135M--reasoning--p128--w8", "scenario": "key_mid", "seed": 7431, "repetition": 0, "variant": "allcuts_batched", "status": "complete", "valid": true}
{"session": 573, "of": 786, "workload_id": "HuggingFaceTB--SmolLM2-135M--reasoning--p128--w8", "scenario": "key_mid", "seed": 7431, "repetition": 1, "variant": "sparse_batched", "status": "complete", "valid": true}
{"session": 574, "of": 786, "workload_id": "HuggingFaceTB--SmolLM2-135M--reasoning--p128--w8", "scenario": "key_mid", "seed": 7431, "repetition": 1, "variant": "allcuts_batched", "status": "complete", "valid": true}
{"session": 575, "of": 786, "workload_id": "HuggingFaceTB--SmolLM2-135M--reasoning--p128--w8", "scenario": "key_mid", "seed": 7431, "repetition": 1, "variant": "full_batched", "status": "complete", "valid": true}
{"session": 576, "of": 786, "workload_id": "HuggingFaceTB--SmolLM2-135M--reasoning--p128--w8", "scenario": "key_mid", "seed": 9817, "repetition": 0, "variant": "full_batched", "status": "complete", "valid": true}
{"session": 577, "of": 786, "workload_id": "HuggingFaceTB--SmolLM2-135M--reasoning--p128--w8", "scenario": "key_mid", "seed": 9817, "repetition": 0, "variant": "sparse_batched", "status": "complete", "valid": true}
{"session": 578, "of": 786, "workload_id": "HuggingFaceTB--SmolLM2-135M--reasoning--p128--w8", "scenario": "key_mid", "seed": 9817, "repetition": 0, "variant": "allcuts_batched", "status": "complete", "valid": true}
{"session": 579, "of": 786, "workload_id": "HuggingFaceTB--SmolLM2-135M--reasoning--p128--w8", "scenario": "key_mid", "seed": 9817, "repetition": 1, "variant": "sparse_batched", "status": "complete", "valid": true}
{"session": 580, "of": 786, "workload_id": "HuggingFaceTB--SmolLM2-135M--reasoning--p128--w8", "scenario": "key_mid", "seed": 9817, "repetition": 1, "variant": "allcuts_batched", "status": "complete", "valid": true}
{"session": 581, "of": 786, "workload_id": "HuggingFaceTB--SmolLM2-135M--reasoning--p128--w8", "scenario": "key_mid", "seed": 9817, "repetition": 1, "variant": "full_batched", "status": "complete", "valid": true}
{"session": 582, "of": 786, "workload_id": "HuggingFaceTB--SmolLM2-135M--reasoning--p128--w8", "scenario": "value_mid", "seed": 7431, "repetition": 0, "variant": "full_batched", "status": "complete", "valid": true}
{"session": 583, "of": 786, "workload_id": "HuggingFaceTB--SmolLM2-135M--reasoning--p128--w8", "scenario": "value_mid", "seed": 7431, "repetition": 0, "variant": "sparse_batched", "status": "complete", "valid": true}
{"session": 584, "of": 786, "workload_id": "HuggingFaceTB--SmolLM2-135M--reasoning--p128--w8", "scenario": "value_mid", "seed": 7431, "repetition": 0, "variant": "allcuts_batched", "status": "complete", "valid": true}
{"session": 585, "of": 786, "workload_id": "HuggingFaceTB--SmolLM2-135M--reasoning--p128--w8", "scenario": "value_mid", "seed": 7431, "repetition": 1, "variant": "sparse_batched", "status": "complete", "valid": true}
{"session": 586, "of": 786, "workload_id": "HuggingFaceTB--SmolLM2-135M--reasoning--p128--w8", "scenario": "value_mid", "seed": 7431, "repetition": 1, "variant": "allcuts_batched", "status": "complete", "valid": true}
{"session": 587, "of": 786, "workload_id": "HuggingFaceTB--SmolLM2-135M--reasoning--p128--w8", "scenario": "value_mid", "seed": 7431, "repetition": 1, "variant": "full_batched", "status": "complete", "valid": true}
{"session": 588, "of": 786, "workload_id": "HuggingFaceTB--SmolLM2-135M--reasoning--p128--w8", "scenario": "value_mid", "seed": 9817, "repetition": 0, "variant": "full_batched", "status": "complete", "valid": true}
{"session": 589, "of": 786, "workload_id": "HuggingFaceTB--SmolLM2-135M--reasoning--p128--w8", "scenario": "value_mid", "seed": 9817, "repetition": 0, "variant": "sparse_batched", "status": "complete", "valid": true}
{"session": 590, "of": 786, "workload_id": "HuggingFaceTB--SmolLM2-135M--reasoning--p128--w8", "scenario": "value_mid", "seed": 9817, "repetition": 0, "variant": "allcuts_batched", "status": "complete", "valid": true}
{"session": 591, "of": 786, "workload_id": "HuggingFaceTB--SmolLM2-135M--reasoning--p128--w8", "scenario": "value_mid", "seed": 9817, "repetition": 1, "variant": "sparse_batched", "status": "complete", "valid": true}
{"session": 592, "of": 786, "workload_id": "HuggingFaceTB--SmolLM2-135M--reasoning--p128--w8", "scenario": "value_mid", "seed": 9817, "repetition": 1, "variant": "allcuts_batched", "status": "complete", "valid": true}
{"session": 593, "of": 786, "workload_id": "HuggingFaceTB--SmolLM2-135M--reasoning--p128--w8", "scenario": "value_mid", "seed": 9817, "repetition": 1, "variant": "full_batched", "status": "complete", "valid": true}
{"session": 594, "of": 786, "workload_id": "HuggingFaceTB--SmolLM2-135M--reasoning--p128--w8", "scenario": "key_late", "seed": 7431, "repetition": 0, "variant": "full_batched", "status": "complete", "valid": true}
{"session": 595, "of": 786, "workload_id": "HuggingFaceTB--SmolLM2-135M--reasoning--p128--w8", "scenario": "key_late", "seed": 7431, "repetition": 0, "variant": "sparse_batched", "status": "complete", "valid": true}
{"session": 596, "of": 786, "workload_id": "HuggingFaceTB--SmolLM2-135M--reasoning--p128--w8", "scenario": "key_late", "seed": 7431, "repetition": 0, "variant": "allcuts_batched", "status": "complete", "valid": true}
{"session": 597, "of": 786, "workload_id": "HuggingFaceTB--SmolLM2-135M--reasoning--p128--w8", "scenario": "key_late", "seed": 7431, "repetition": 1, "variant": "sparse_batched", "status": "complete", "valid": true}
{"session": 598, "of": 786, "workload_id": "HuggingFaceTB--SmolLM2-135M--reasoning--p128--w8", "scenario": "key_late", "seed": 7431, "repetition": 1, "variant": "allcuts_batched", "status": "complete", "valid": true}
{"session": 599, "of": 786, "workload_id": "HuggingFaceTB--SmolLM2-135M--reasoning--p128--w8", "scenario": "key_late", "seed": 7431, "repetition": 1, "variant": "full_batched", "status": "complete", "valid": true}
{"session": 600, "of": 786, "workload_id": "HuggingFaceTB--SmolLM2-135M--reasoning--p128--w8", "scenario": "key_late", "seed": 9817, "repetition": 0, "variant": "full_batched", "status": "complete", "valid": true}
{"session": 601, "of": 786, "workload_id": "HuggingFaceTB--SmolLM2-135M--reasoning--p128--w8", "scenario": "key_late", "seed": 9817, "repetition": 0, "variant": "sparse_batched", "status": "complete", "valid": true}
{"session": 602, "of": 786, "workload_id": "HuggingFaceTB--SmolLM2-135M--reasoning--p128--w8", "scenario": "key_late", "seed": 9817, "repetition": 0, "variant": "allcuts_batched", "status": "complete", "valid": true}
{"session": 603, "of": 786, "workload_id": "HuggingFaceTB--SmolLM2-135M--reasoning--p128--w8", "scenario": "key_late", "seed": 9817, "repetition": 1, "variant": "sparse_batched", "status": "complete", "valid": true}
{"session": 604, "of": 786, "workload_id": "HuggingFaceTB--SmolLM2-135M--reasoning--p128--w8", "scenario": "key_late", "seed": 9817, "repetition": 1, "variant": "allcuts_batched", "status": "complete", "valid": true}
{"session": 605, "of": 786, "workload_id": "HuggingFaceTB--SmolLM2-135M--reasoning--p128--w8", "scenario": "key_late", "seed": 9817, "repetition": 1, "variant": "full_batched", "status": "complete", "valid": true}
{"session": 606, "of": 786, "workload_id": "HuggingFaceTB--SmolLM2-135M--reasoning--p128--w8", "scenario": "value_late", "seed": 7431, "repetition": 0, "variant": "full_batched", "status": "complete", "valid": true}
{"session": 607, "of": 786, "workload_id": "HuggingFaceTB--SmolLM2-135M--reasoning--p128--w8", "scenario": "value_late", "seed": 7431, "repetition": 0, "variant": "sparse_batched", "status": "complete", "valid": true}
{"session": 608, "of": 786, "workload_id": "HuggingFaceTB--SmolLM2-135M--reasoning--p128--w8", "scenario": "value_late", "seed": 7431, "repetition": 0, "variant": "allcuts_batched", "status": "complete", "valid": true}
{"session": 609, "of": 786, "workload_id": "HuggingFaceTB--SmolLM2-135M--reasoning--p128--w8", "scenario": "value_late", "seed": 7431, "repetition": 0, "variant": "full_legacy", "status": "complete", "valid": true}
{"session": 610, "of": 786, "workload_id": "HuggingFaceTB--SmolLM2-135M--reasoning--p128--w8", "scenario": "value_late", "seed": 7431, "repetition": 0, "variant": "sparse_legacy", "status": "complete", "valid": true}
{"session": 611, "of": 786, "workload_id": "HuggingFaceTB--SmolLM2-135M--reasoning--p128--w8", "scenario": "value_late", "seed": 7431, "repetition": 1, "variant": "sparse_batched", "status": "complete", "valid": true}
{"session": 612, "of": 786, "workload_id": "HuggingFaceTB--SmolLM2-135M--reasoning--p128--w8", "scenario": "value_late", "seed": 7431, "repetition": 1, "variant": "allcuts_batched", "status": "complete", "valid": true}
{"session": 613, "of": 786, "workload_id": "HuggingFaceTB--SmolLM2-135M--reasoning--p128--w8", "scenario": "value_late", "seed": 7431, "repetition": 1, "variant": "full_legacy", "status": "complete", "valid": true}
{"session": 614, "of": 786, "workload_id": "HuggingFaceTB--SmolLM2-135M--reasoning--p128--w8", "scenario": "value_late", "seed": 7431, "repetition": 1, "variant": "sparse_legacy", "status": "complete", "valid": true}
{"session": 615, "of": 786, "workload_id": "HuggingFaceTB--SmolLM2-135M--reasoning--p128--w8", "scenario": "value_late", "seed": 7431, "repetition": 1, "variant": "full_batched", "status": "complete", "valid": true}
{"session": 616, "of": 786, "workload_id": "HuggingFaceTB--SmolLM2-135M--reasoning--p128--w8", "scenario": "value_late", "seed": 9817, "repetition": 0, "variant": "full_batched", "status": "complete", "valid": true}
{"session": 617, "of": 786, "workload_id": "HuggingFaceTB--SmolLM2-135M--reasoning--p128--w8", "scenario": "value_late", "seed": 9817, "repetition": 0, "variant": "sparse_batched", "status": "complete", "valid": true}
{"session": 618, "of": 786, "workload_id": "HuggingFaceTB--SmolLM2-135M--reasoning--p128--w8", "scenario": "value_late", "seed": 9817, "repetition": 0, "variant": "allcuts_batched", "status": "complete", "valid": true}
{"session": 619, "of": 786, "workload_id": "HuggingFaceTB--SmolLM2-135M--reasoning--p128--w8", "scenario": "value_late", "seed": 9817, "repetition": 0, "variant": "full_legacy", "status": "complete", "valid": true}
{"session": 620, "of": 786, "workload_id": "HuggingFaceTB--SmolLM2-135M--reasoning--p128--w8", "scenario": "value_late", "seed": 9817, "repetition": 0, "variant": "sparse_legacy", "status": "complete", "valid": true}
{"session": 621, "of": 786, "workload_id": "HuggingFaceTB--SmolLM2-135M--reasoning--p128--w8", "scenario": "value_late", "seed": 9817, "repetition": 1, "variant": "sparse_batched", "status": "complete", "valid": true}
{"session": 622, "of": 786, "workload_id": "HuggingFaceTB--SmolLM2-135M--reasoning--p128--w8", "scenario": "value_late", "seed": 9817, "repetition": 1, "variant": "allcuts_batched", "status": "complete", "valid": true}
{"session": 623, "of": 786, "workload_id": "HuggingFaceTB--SmolLM2-135M--reasoning--p128--w8", "scenario": "value_late", "seed": 9817, "repetition": 1, "variant": "full_legacy", "status": "complete", "valid": true}
{"session": 624, "of": 786, "workload_id": "HuggingFaceTB--SmolLM2-135M--reasoning--p128--w8", "scenario": "value_late", "seed": 9817, "repetition": 1, "variant": "sparse_legacy", "status": "complete", "valid": true}
{"session": 625, "of": 786, "workload_id": "HuggingFaceTB--SmolLM2-135M--reasoning--p128--w8", "scenario": "value_late", "seed": 9817, "repetition": 1, "variant": "full_batched", "status": "complete", "valid": true}
{"session": 626, "of": 786, "workload_id": "HuggingFaceTB--SmolLM2-135M--reasoning--p128--w8", "scenario": "multi_prefix", "seed": 7431, "repetition": 0, "variant": "full_batched", "status": "complete", "valid": true}
{"session": 627, "of": 786, "workload_id": "HuggingFaceTB--SmolLM2-135M--reasoning--p128--w8", "scenario": "multi_prefix", "seed": 7431, "repetition": 0, "variant": "sparse_batched", "status": "complete", "valid": true}
{"session": 628, "of": 786, "workload_id": "HuggingFaceTB--SmolLM2-135M--reasoning--p128--w8", "scenario": "multi_prefix", "seed": 7431, "repetition": 0, "variant": "allcuts_batched", "status": "complete", "valid": true}
{"session": 629, "of": 786, "workload_id": "HuggingFaceTB--SmolLM2-135M--reasoning--p128--w8", "scenario": "multi_prefix", "seed": 7431, "repetition": 1, "variant": "sparse_batched", "status": "complete", "valid": true}
{"session": 630, "of": 786, "workload_id": "HuggingFaceTB--SmolLM2-135M--reasoning--p128--w8", "scenario": "multi_prefix", "seed": 7431, "repetition": 1, "variant": "allcuts_batched", "status": "complete", "valid": true}
{"session": 631, "of": 786, "workload_id": "HuggingFaceTB--SmolLM2-135M--reasoning--p128--w8", "scenario": "multi_prefix", "seed": 7431, "repetition": 1, "variant": "full_batched", "status": "complete", "valid": true}
{"session": 632, "of": 786, "workload_id": "HuggingFaceTB--SmolLM2-135M--reasoning--p128--w8", "scenario": "multi_prefix", "seed": 9817, "repetition": 0, "variant": "full_batched", "status": "complete", "valid": true}
{"session": 633, "of": 786, "workload_id": "HuggingFaceTB--SmolLM2-135M--reasoning--p128--w8", "scenario": "multi_prefix", "seed": 9817, "repetition": 0, "variant": "sparse_batched", "status": "complete", "valid": true}
{"session": 634, "of": 786, "workload_id": "HuggingFaceTB--SmolLM2-135M--reasoning--p128--w8", "scenario": "multi_prefix", "seed": 9817, "repetition": 0, "variant": "allcuts_batched", "status": "complete", "valid": true}
{"session": 635, "of": 786, "workload_id": "HuggingFaceTB--SmolLM2-135M--reasoning--p128--w8", "scenario": "multi_prefix", "seed": 9817, "repetition": 1, "variant": "sparse_batched", "status": "complete", "valid": true}
{"session": 636, "of": 786, "workload_id": "HuggingFaceTB--SmolLM2-135M--reasoning--p128--w8", "scenario": "multi_prefix", "seed": 9817, "repetition": 1, "variant": "allcuts_batched", "status": "complete", "valid": true}
{"session": 637, "of": 786, "workload_id": "HuggingFaceTB--SmolLM2-135M--reasoning--p128--w8", "scenario": "multi_prefix", "seed": 9817, "repetition": 1, "variant": "full_batched", "status": "complete", "valid": true}
{"session": 638, "of": 786, "workload_id": "HuggingFaceTB--SmolLM2-135M--reasoning--p128--w8", "scenario": "repeated_prefix", "seed": 7431, "repetition": 0, "variant": "full_batched", "status": "complete", "valid": true}
{"session": 639, "of": 786, "workload_id": "HuggingFaceTB--SmolLM2-135M--reasoning--p128--w8", "scenario": "repeated_prefix", "seed": 7431, "repetition": 0, "variant": "sparse_batched", "status": "complete", "valid": true}
{"session": 640, "of": 786, "workload_id": "HuggingFaceTB--SmolLM2-135M--reasoning--p128--w8", "scenario": "repeated_prefix", "seed": 7431, "repetition": 0, "variant": "allcuts_batched", "status": "complete", "valid": true}
{"session": 641, "of": 786, "workload_id": "HuggingFaceTB--SmolLM2-135M--reasoning--p128--w8", "scenario": "repeated_prefix", "seed": 7431, "repetition": 1, "variant": "sparse_batched", "status": "complete", "valid": true}
{"session": 642, "of": 786, "workload_id": "HuggingFaceTB--SmolLM2-135M--reasoning--p128--w8", "scenario": "repeated_prefix", "seed": 7431, "repetition": 1, "variant": "allcuts_batched", "status": "complete", "valid": true}
{"session": 643, "of": 786, "workload_id": "HuggingFaceTB--SmolLM2-135M--reasoning--p128--w8", "scenario": "repeated_prefix", "seed": 7431, "repetition": 1, "variant": "full_batched", "status": "complete", "valid": true}
{"session": 644, "of": 786, "workload_id": "HuggingFaceTB--SmolLM2-135M--reasoning--p128--w8", "scenario": "repeated_prefix", "seed": 9817, "repetition": 0, "variant": "full_batched", "status": "complete", "valid": true}
{"session": 645, "of": 786, "workload_id": "HuggingFaceTB--SmolLM2-135M--reasoning--p128--w8", "scenario": "repeated_prefix", "seed": 9817, "repetition": 0, "variant": "sparse_batched", "status": "complete", "valid": true}
{"session": 646, "of": 786, "workload_id": "HuggingFaceTB--SmolLM2-135M--reasoning--p128--w8", "scenario": "repeated_prefix", "seed": 9817, "repetition": 0, "variant": "allcuts_batched", "status": "complete", "valid": true}
{"session": 647, "of": 786, "workload_id": "HuggingFaceTB--SmolLM2-135M--reasoning--p128--w8", "scenario": "repeated_prefix", "seed": 9817, "repetition": 1, "variant": "sparse_batched", "status": "complete", "valid": true}
{"session": 648, "of": 786, "workload_id": "HuggingFaceTB--SmolLM2-135M--reasoning--p128--w8", "scenario": "repeated_prefix", "seed": 9817, "repetition": 1, "variant": "allcuts_batched", "status": "complete", "valid": true}
{"session": 649, "of": 786, "workload_id": "HuggingFaceTB--SmolLM2-135M--reasoning--p128--w8", "scenario": "repeated_prefix", "seed": 9817, "repetition": 1, "variant": "full_batched", "status": "complete", "valid": true}
{"session": 650, "of": 786, "workload_id": "HuggingFaceTB--SmolLM2-135M--reasoning--p128--w8", "scenario": "journal_corruption", "seed": 7431, "repetition": 0, "variant": "full_batched", "status": "complete", "valid": true}
{"session": 651, "of": 786, "workload_id": "HuggingFaceTB--SmolLM2-135M--reasoning--p128--w8", "scenario": "journal_corruption", "seed": 7431, "repetition": 0, "variant": "sparse_batched", "status": "complete", "valid": true}
{"session": 652, "of": 786, "workload_id": "HuggingFaceTB--SmolLM2-135M--reasoning--p128--w8", "scenario": "journal_corruption", "seed": 7431, "repetition": 0, "variant": "allcuts_batched", "status": "complete", "valid": true}
{"session": 653, "of": 786, "workload_id": "HuggingFaceTB--SmolLM2-135M--reasoning--p128--w8", "scenario": "checkpoint_corruption", "seed": 7431, "repetition": 0, "variant": "full_batched", "status": "expected_abort", "valid": true}
{"session": 654, "of": 786, "workload_id": "HuggingFaceTB--SmolLM2-135M--reasoning--p128--w8", "scenario": "checkpoint_corruption", "seed": 7431, "repetition": 0, "variant": "sparse_batched", "status": "expected_abort", "valid": true}
{"session": 655, "of": 786, "workload_id": "HuggingFaceTB--SmolLM2-135M--reasoning--p128--w8", "scenario": "checkpoint_corruption", "seed": 7431, "repetition": 0, "variant": "allcuts_batched", "status": "expected_abort", "valid": true}
{"session": 656, "of": 786, "workload_id": "HuggingFaceTB--SmolLM2-135M--reasoning--p2048--w16", "scenario": "clean", "seed": 7431, "repetition": 0, "variant": "native", "status": "complete", "valid": true}
{"session": 657, "of": 786, "workload_id": "HuggingFaceTB--SmolLM2-135M--reasoning--p2048--w16", "scenario": "clean", "seed": 7431, "repetition": 0, "variant": "bare", "status": "complete", "valid": true}
{"session": 658, "of": 786, "workload_id": "HuggingFaceTB--SmolLM2-135M--reasoning--p2048--w16", "scenario": "clean", "seed": 7431, "repetition": 0, "variant": "full_batched", "status": "complete", "valid": true}
{"session": 659, "of": 786, "workload_id": "HuggingFaceTB--SmolLM2-135M--reasoning--p2048--w16", "scenario": "clean", "seed": 7431, "repetition": 0, "variant": "sparse_batched", "status": "complete", "valid": true}
{"session": 660, "of": 786, "workload_id": "HuggingFaceTB--SmolLM2-135M--reasoning--p2048--w16", "scenario": "clean", "seed": 7431, "repetition": 0, "variant": "allcuts_batched", "status": "complete", "valid": true}
{"session": 661, "of": 786, "workload_id": "HuggingFaceTB--SmolLM2-135M--reasoning--p2048--w16", "scenario": "clean", "seed": 7431, "repetition": 0, "variant": "full_legacy", "status": "complete", "valid": true}
{"session": 662, "of": 786, "workload_id": "HuggingFaceTB--SmolLM2-135M--reasoning--p2048--w16", "scenario": "clean", "seed": 7431, "repetition": 0, "variant": "sparse_legacy", "status": "complete", "valid": true}
{"session": 663, "of": 786, "workload_id": "HuggingFaceTB--SmolLM2-135M--reasoning--p2048--w16", "scenario": "clean", "seed": 7431, "repetition": 1, "variant": "bare", "status": "complete", "valid": true}
{"session": 664, "of": 786, "workload_id": "HuggingFaceTB--SmolLM2-135M--reasoning--p2048--w16", "scenario": "clean", "seed": 7431, "repetition": 1, "variant": "full_batched", "status": "complete", "valid": true}
{"session": 665, "of": 786, "workload_id": "HuggingFaceTB--SmolLM2-135M--reasoning--p2048--w16", "scenario": "clean", "seed": 7431, "repetition": 1, "variant": "sparse_batched", "status": "complete", "valid": true}
{"session": 666, "of": 786, "workload_id": "HuggingFaceTB--SmolLM2-135M--reasoning--p2048--w16", "scenario": "clean", "seed": 7431, "repetition": 1, "variant": "allcuts_batched", "status": "complete", "valid": true}
{"session": 667, "of": 786, "workload_id": "HuggingFaceTB--SmolLM2-135M--reasoning--p2048--w16", "scenario": "clean", "seed": 7431, "repetition": 1, "variant": "full_legacy", "status": "complete", "valid": true}
{"session": 668, "of": 786, "workload_id": "HuggingFaceTB--SmolLM2-135M--reasoning--p2048--w16", "scenario": "clean", "seed": 7431, "repetition": 1, "variant": "sparse_legacy", "status": "complete", "valid": true}
{"session": 669, "of": 786, "workload_id": "HuggingFaceTB--SmolLM2-135M--reasoning--p2048--w16", "scenario": "clean", "seed": 7431, "repetition": 1, "variant": "native", "status": "complete", "valid": true}
{"session": 670, "of": 786, "workload_id": "HuggingFaceTB--SmolLM2-135M--reasoning--p2048--w16", "scenario": "clean", "seed": 7431, "repetition": 2, "variant": "full_batched", "status": "complete", "valid": true}
{"session": 671, "of": 786, "workload_id": "HuggingFaceTB--SmolLM2-135M--reasoning--p2048--w16", "scenario": "clean", "seed": 7431, "repetition": 2, "variant": "sparse_batched", "status": "complete", "valid": true}
{"session": 672, "of": 786, "workload_id": "HuggingFaceTB--SmolLM2-135M--reasoning--p2048--w16", "scenario": "clean", "seed": 7431, "repetition": 2, "variant": "allcuts_batched", "status": "complete", "valid": true}
{"session": 673, "of": 786, "workload_id": "HuggingFaceTB--SmolLM2-135M--reasoning--p2048--w16", "scenario": "clean", "seed": 7431, "repetition": 2, "variant": "full_legacy", "status": "complete", "valid": true}
{"session": 674, "of": 786, "workload_id": "HuggingFaceTB--SmolLM2-135M--reasoning--p2048--w16", "scenario": "clean", "seed": 7431, "repetition": 2, "variant": "sparse_legacy", "status": "complete", "valid": true}
{"session": 675, "of": 786, "workload_id": "HuggingFaceTB--SmolLM2-135M--reasoning--p2048--w16", "scenario": "clean", "seed": 7431, "repetition": 2, "variant": "native", "status": "complete", "valid": true}
{"session": 676, "of": 786, "workload_id": "HuggingFaceTB--SmolLM2-135M--reasoning--p2048--w16", "scenario": "clean", "seed": 7431, "repetition": 2, "variant": "bare", "status": "complete", "valid": true}
{"session": 677, "of": 786, "workload_id": "HuggingFaceTB--SmolLM2-135M--reasoning--p2048--w16", "scenario": "key_early", "seed": 7431, "repetition": 0, "variant": "full_batched", "status": "complete", "valid": true}
{"session": 678, "of": 786, "workload_id": "HuggingFaceTB--SmolLM2-135M--reasoning--p2048--w16", "scenario": "key_early", "seed": 7431, "repetition": 0, "variant": "sparse_batched", "status": "complete", "valid": true}
{"session": 679, "of": 786, "workload_id": "HuggingFaceTB--SmolLM2-135M--reasoning--p2048--w16", "scenario": "key_early", "seed": 7431, "repetition": 0, "variant": "allcuts_batched", "status": "complete", "valid": true}
{"session": 680, "of": 786, "workload_id": "HuggingFaceTB--SmolLM2-135M--reasoning--p2048--w16", "scenario": "key_early", "seed": 7431, "repetition": 1, "variant": "sparse_batched", "status": "complete", "valid": true}
{"session": 681, "of": 786, "workload_id": "HuggingFaceTB--SmolLM2-135M--reasoning--p2048--w16", "scenario": "key_early", "seed": 7431, "repetition": 1, "variant": "allcuts_batched", "status": "complete", "valid": true}
{"session": 682, "of": 786, "workload_id": "HuggingFaceTB--SmolLM2-135M--reasoning--p2048--w16", "scenario": "key_early", "seed": 7431, "repetition": 1, "variant": "full_batched", "status": "complete", "valid": true}
{"session": 683, "of": 786, "workload_id": "HuggingFaceTB--SmolLM2-135M--reasoning--p2048--w16", "scenario": "key_early", "seed": 9817, "repetition": 0, "variant": "full_batched", "status": "complete", "valid": true}
{"session": 684, "of": 786, "workload_id": "HuggingFaceTB--SmolLM2-135M--reasoning--p2048--w16", "scenario": "key_early", "seed": 9817, "repetition": 0, "variant": "sparse_batched", "status": "complete", "valid": true}
{"session": 685, "of": 786, "workload_id": "HuggingFaceTB--SmolLM2-135M--reasoning--p2048--w16", "scenario": "key_early", "seed": 9817, "repetition": 0, "variant": "allcuts_batched", "status": "complete", "valid": true}
{"session": 686, "of": 786, "workload_id": "HuggingFaceTB--SmolLM2-135M--reasoning--p2048--w16", "scenario": "key_early", "seed": 9817, "repetition": 1, "variant": "sparse_batched", "status": "complete", "valid": true}
{"session": 687, "of": 786, "workload_id": "HuggingFaceTB--SmolLM2-135M--reasoning--p2048--w16", "scenario": "key_early", "seed": 9817, "repetition": 1, "variant": "allcuts_batched", "status": "complete", "valid": true}
{"session": 688, "of": 786, "workload_id": "HuggingFaceTB--SmolLM2-135M--reasoning--p2048--w16", "scenario": "key_early", "seed": 9817, "repetition": 1, "variant": "full_batched", "status": "complete", "valid": true}
{"session": 689, "of": 786, "workload_id": "HuggingFaceTB--SmolLM2-135M--reasoning--p2048--w16", "scenario": "value_early", "seed": 7431, "repetition": 0, "variant": "full_batched", "status": "complete", "valid": true}
{"session": 690, "of": 786, "workload_id": "HuggingFaceTB--SmolLM2-135M--reasoning--p2048--w16", "scenario": "value_early", "seed": 7431, "repetition": 0, "variant": "sparse_batched", "status": "complete", "valid": true}
{"session": 691, "of": 786, "workload_id": "HuggingFaceTB--SmolLM2-135M--reasoning--p2048--w16", "scenario": "value_early", "seed": 7431, "repetition": 0, "variant": "allcuts_batched", "status": "complete", "valid": true}
{"session": 692, "of": 786, "workload_id": "HuggingFaceTB--SmolLM2-135M--reasoning--p2048--w16", "scenario": "value_early", "seed": 7431, "repetition": 1, "variant": "sparse_batched", "status": "complete", "valid": true}
{"session": 693, "of": 786, "workload_id": "HuggingFaceTB--SmolLM2-135M--reasoning--p2048--w16", "scenario": "value_early", "seed": 7431, "repetition": 1, "variant": "allcuts_batched", "status": "complete", "valid": true}
{"session": 694, "of": 786, "workload_id": "HuggingFaceTB--SmolLM2-135M--reasoning--p2048--w16", "scenario": "value_early", "seed": 7431, "repetition": 1, "variant": "full_batched", "status": "complete", "valid": true}
{"session": 695, "of": 786, "workload_id": "HuggingFaceTB--SmolLM2-135M--reasoning--p2048--w16", "scenario": "value_early", "seed": 9817, "repetition": 0, "variant": "full_batched", "status": "complete", "valid": true}
{"session": 696, "of": 786, "workload_id": "HuggingFaceTB--SmolLM2-135M--reasoning--p2048--w16", "scenario": "value_early", "seed": 9817, "repetition": 0, "variant": "sparse_batched", "status": "complete", "valid": true}
{"session": 697, "of": 786, "workload_id": "HuggingFaceTB--SmolLM2-135M--reasoning--p2048--w16", "scenario": "value_early", "seed": 9817, "repetition": 0, "variant": "allcuts_batched", "status": "complete", "valid": true}
{"session": 698, "of": 786, "workload_id": "HuggingFaceTB--SmolLM2-135M--reasoning--p2048--w16", "scenario": "value_early", "seed": 9817, "repetition": 1, "variant": "sparse_batched", "status": "complete", "valid": true}
{"session": 699, "of": 786, "workload_id": "HuggingFaceTB--SmolLM2-135M--reasoning--p2048--w16", "scenario": "value_early", "seed": 9817, "repetition": 1, "variant": "allcuts_batched", "status": "complete", "valid": true}
{"session": 700, "of": 786, "workload_id": "HuggingFaceTB--SmolLM2-135M--reasoning--p2048--w16", "scenario": "value_early", "seed": 9817, "repetition": 1, "variant": "full_batched", "status": "complete", "valid": true}
{"session": 701, "of": 786, "workload_id": "HuggingFaceTB--SmolLM2-135M--reasoning--p2048--w16", "scenario": "key_mid", "seed": 7431, "repetition": 0, "variant": "full_batched", "status": "complete", "valid": true}
{"session": 702, "of": 786, "workload_id": "HuggingFaceTB--SmolLM2-135M--reasoning--p2048--w16", "scenario": "key_mid", "seed": 7431, "repetition": 0, "variant": "sparse_batched", "status": "complete", "valid": true}
{"session": 703, "of": 786, "workload_id": "HuggingFaceTB--SmolLM2-135M--reasoning--p2048--w16", "scenario": "key_mid", "seed": 7431, "repetition": 0, "variant": "allcuts_batched", "status": "complete", "valid": true}
{"session": 704, "of": 786, "workload_id": "HuggingFaceTB--SmolLM2-135M--reasoning--p2048--w16", "scenario": "key_mid", "seed": 7431, "repetition": 1, "variant": "sparse_batched", "status": "complete", "valid": true}
{"session": 705, "of": 786, "workload_id": "HuggingFaceTB--SmolLM2-135M--reasoning--p2048--w16", "scenario": "key_mid", "seed": 7431, "repetition": 1, "variant": "allcuts_batched", "status": "complete", "valid": true}
{"session": 706, "of": 786, "workload_id": "HuggingFaceTB--SmolLM2-135M--reasoning--p2048--w16", "scenario": "key_mid", "seed": 7431, "repetition": 1, "variant": "full_batched", "status": "complete", "valid": true}
{"session": 707, "of": 786, "workload_id": "HuggingFaceTB--SmolLM2-135M--reasoning--p2048--w16", "scenario": "key_mid", "seed": 9817, "repetition": 0, "variant": "full_batched", "status": "complete", "valid": true}
{"session": 708, "of": 786, "workload_id": "HuggingFaceTB--SmolLM2-135M--reasoning--p2048--w16", "scenario": "key_mid", "seed": 9817, "repetition": 0, "variant": "sparse_batched", "status": "complete", "valid": true}
{"session": 709, "of": 786, "workload_id": "HuggingFaceTB--SmolLM2-135M--reasoning--p2048--w16", "scenario": "key_mid", "seed": 9817, "repetition": 0, "variant": "allcuts_batched", "status": "complete", "valid": true}
{"session": 710, "of": 786, "workload_id": "HuggingFaceTB--SmolLM2-135M--reasoning--p2048--w16", "scenario": "key_mid", "seed": 9817, "repetition": 1, "variant": "sparse_batched", "status": "complete", "valid": true}
{"session": 711, "of": 786, "workload_id": "HuggingFaceTB--SmolLM2-135M--reasoning--p2048--w16", "scenario": "key_mid", "seed": 9817, "repetition": 1, "variant": "allcuts_batched", "status": "complete", "valid": true}
{"session": 712, "of": 786, "workload_id": "HuggingFaceTB--SmolLM2-135M--reasoning--p2048--w16", "scenario": "key_mid", "seed": 9817, "repetition": 1, "variant": "full_batched", "status": "complete", "valid": true}
{"session": 713, "of": 786, "workload_id": "HuggingFaceTB--SmolLM2-135M--reasoning--p2048--w16", "scenario": "value_mid", "seed": 7431, "repetition": 0, "variant": "full_batched", "status": "complete", "valid": true}
{"session": 714, "of": 786, "workload_id": "HuggingFaceTB--SmolLM2-135M--reasoning--p2048--w16", "scenario": "value_mid", "seed": 7431, "repetition": 0, "variant": "sparse_batched", "status": "complete", "valid": true}
{"session": 715, "of": 786, "workload_id": "HuggingFaceTB--SmolLM2-135M--reasoning--p2048--w16", "scenario": "value_mid", "seed": 7431, "repetition": 0, "variant": "allcuts_batched", "status": "complete", "valid": true}
{"session": 716, "of": 786, "workload_id": "HuggingFaceTB--SmolLM2-135M--reasoning--p2048--w16", "scenario": "value_mid", "seed": 7431, "repetition": 1, "variant": "sparse_batched", "status": "complete", "valid": true}
{"session": 717, "of": 786, "workload_id": "HuggingFaceTB--SmolLM2-135M--reasoning--p2048--w16", "scenario": "value_mid", "seed": 7431, "repetition": 1, "variant": "allcuts_batched", "status": "complete", "valid": true}
{"session": 718, "of": 786, "workload_id": "HuggingFaceTB--SmolLM2-135M--reasoning--p2048--w16", "scenario": "value_mid", "seed": 7431, "repetition": 1, "variant": "full_batched", "status": "complete", "valid": true}
{"session": 719, "of": 786, "workload_id": "HuggingFaceTB--SmolLM2-135M--reasoning--p2048--w16", "scenario": "value_mid", "seed": 9817, "repetition": 0, "variant": "full_batched", "status": "complete", "valid": true}
{"session": 720, "of": 786, "workload_id": "HuggingFaceTB--SmolLM2-135M--reasoning--p2048--w16", "scenario": "value_mid", "seed": 9817, "repetition": 0, "variant": "sparse_batched", "status": "complete", "valid": true}
{"session": 721, "of": 786, "workload_id": "HuggingFaceTB--SmolLM2-135M--reasoning--p2048--w16", "scenario": "value_mid", "seed": 9817, "repetition": 0, "variant": "allcuts_batched", "status": "complete", "valid": true}
{"session": 722, "of": 786, "workload_id": "HuggingFaceTB--SmolLM2-135M--reasoning--p2048--w16", "scenario": "value_mid", "seed": 9817, "repetition": 1, "variant": "sparse_batched", "status": "complete", "valid": true}
{"session": 723, "of": 786, "workload_id": "HuggingFaceTB--SmolLM2-135M--reasoning--p2048--w16", "scenario": "value_mid", "seed": 9817, "repetition": 1, "variant": "allcuts_batched", "status": "complete", "valid": true}
{"session": 724, "of": 786, "workload_id": "HuggingFaceTB--SmolLM2-135M--reasoning--p2048--w16", "scenario": "value_mid", "seed": 9817, "repetition": 1, "variant": "full_batched", "status": "complete", "valid": true}
{"session": 725, "of": 786, "workload_id": "HuggingFaceTB--SmolLM2-135M--reasoning--p2048--w16", "scenario": "key_late", "seed": 7431, "repetition": 0, "variant": "full_batched", "status": "complete", "valid": true}
{"session": 726, "of": 786, "workload_id": "HuggingFaceTB--SmolLM2-135M--reasoning--p2048--w16", "scenario": "key_late", "seed": 7431, "repetition": 0, "variant": "sparse_batched", "status": "complete", "valid": true}
{"session": 727, "of": 786, "workload_id": "HuggingFaceTB--SmolLM2-135M--reasoning--p2048--w16", "scenario": "key_late", "seed": 7431, "repetition": 0, "variant": "allcuts_batched", "status": "complete", "valid": true}
{"session": 728, "of": 786, "workload_id": "HuggingFaceTB--SmolLM2-135M--reasoning--p2048--w16", "scenario": "key_late", "seed": 7431, "repetition": 1, "variant": "sparse_batched", "status": "complete", "valid": true}
{"session": 729, "of": 786, "workload_id": "HuggingFaceTB--SmolLM2-135M--reasoning--p2048--w16", "scenario": "key_late", "seed": 7431, "repetition": 1, "variant": "allcuts_batched", "status": "complete", "valid": true}
{"session": 730, "of": 786, "workload_id": "HuggingFaceTB--SmolLM2-135M--reasoning--p2048--w16", "scenario": "key_late", "seed": 7431, "repetition": 1, "variant": "full_batched", "status": "complete", "valid": true}
{"session": 731, "of": 786, "workload_id": "HuggingFaceTB--SmolLM2-135M--reasoning--p2048--w16", "scenario": "key_late", "seed": 9817, "repetition": 0, "variant": "full_batched", "status": "complete", "valid": true}
{"session": 732, "of": 786, "workload_id": "HuggingFaceTB--SmolLM2-135M--reasoning--p2048--w16", "scenario": "key_late", "seed": 9817, "repetition": 0, "variant": "sparse_batched", "status": "complete", "valid": true}
{"session": 733, "of": 786, "workload_id": "HuggingFaceTB--SmolLM2-135M--reasoning--p2048--w16", "scenario": "key_late", "seed": 9817, "repetition": 0, "variant": "allcuts_batched", "status": "complete", "valid": true}
{"session": 734, "of": 786, "workload_id": "HuggingFaceTB--SmolLM2-135M--reasoning--p2048--w16", "scenario": "key_late", "seed": 9817, "repetition": 1, "variant": "sparse_batched", "status": "complete", "valid": true}
{"session": 735, "of": 786, "workload_id": "HuggingFaceTB--SmolLM2-135M--reasoning--p2048--w16", "scenario": "key_late", "seed": 9817, "repetition": 1, "variant": "allcuts_batched", "status": "complete", "valid": true}
{"session": 736, "of": 786, "workload_id": "HuggingFaceTB--SmolLM2-135M--reasoning--p2048--w16", "scenario": "key_late", "seed": 9817, "repetition": 1, "variant": "full_batched", "status": "complete", "valid": true}
{"session": 737, "of": 786, "workload_id": "HuggingFaceTB--SmolLM2-135M--reasoning--p2048--w16", "scenario": "value_late", "seed": 7431, "repetition": 0, "variant": "full_batched", "status": "complete", "valid": true}
{"session": 738, "of": 786, "workload_id": "HuggingFaceTB--SmolLM2-135M--reasoning--p2048--w16", "scenario": "value_late", "seed": 7431, "repetition": 0, "variant": "sparse_batched", "status": "complete", "valid": true}
{"session": 739, "of": 786, "workload_id": "HuggingFaceTB--SmolLM2-135M--reasoning--p2048--w16", "scenario": "value_late", "seed": 7431, "repetition": 0, "variant": "allcuts_batched", "status": "complete", "valid": true}
{"session": 740, "of": 786, "workload_id": "HuggingFaceTB--SmolLM2-135M--reasoning--p2048--w16", "scenario": "value_late", "seed": 7431, "repetition": 0, "variant": "full_legacy", "status": "complete", "valid": true}
{"session": 741, "of": 786, "workload_id": "HuggingFaceTB--SmolLM2-135M--reasoning--p2048--w16", "scenario": "value_late", "seed": 7431, "repetition": 0, "variant": "sparse_legacy", "status": "complete", "valid": true}
{"session": 742, "of": 786, "workload_id": "HuggingFaceTB--SmolLM2-135M--reasoning--p2048--w16", "scenario": "value_late", "seed": 7431, "repetition": 1, "variant": "sparse_batched", "status": "complete", "valid": true}
{"session": 743, "of": 786, "workload_id": "HuggingFaceTB--SmolLM2-135M--reasoning--p2048--w16", "scenario": "value_late", "seed": 7431, "repetition": 1, "variant": "allcuts_batched", "status": "complete", "valid": true}
{"session": 744, "of": 786, "workload_id": "HuggingFaceTB--SmolLM2-135M--reasoning--p2048--w16", "scenario": "value_late", "seed": 7431, "repetition": 1, "variant": "full_legacy", "status": "complete", "valid": true}
{"session": 745, "of": 786, "workload_id": "HuggingFaceTB--SmolLM2-135M--reasoning--p2048--w16", "scenario": "value_late", "seed": 7431, "repetition": 1, "variant": "sparse_legacy", "status": "complete", "valid": true}
{"session": 746, "of": 786, "workload_id": "HuggingFaceTB--SmolLM2-135M--reasoning--p2048--w16", "scenario": "value_late", "seed": 7431, "repetition": 1, "variant": "full_batched", "status": "complete", "valid": true}
{"session": 747, "of": 786, "workload_id": "HuggingFaceTB--SmolLM2-135M--reasoning--p2048--w16", "scenario": "value_late", "seed": 9817, "repetition": 0, "variant": "full_batched", "status": "complete", "valid": true}
{"session": 748, "of": 786, "workload_id": "HuggingFaceTB--SmolLM2-135M--reasoning--p2048--w16", "scenario": "value_late", "seed": 9817, "repetition": 0, "variant": "sparse_batched", "status": "complete", "valid": true}
{"session": 749, "of": 786, "workload_id": "HuggingFaceTB--SmolLM2-135M--reasoning--p2048--w16", "scenario": "value_late", "seed": 9817, "repetition": 0, "variant": "allcuts_batched", "status": "complete", "valid": true}
{"session": 750, "of": 786, "workload_id": "HuggingFaceTB--SmolLM2-135M--reasoning--p2048--w16", "scenario": "value_late", "seed": 9817, "repetition": 0, "variant": "full_legacy", "status": "complete", "valid": true}
{"session": 751, "of": 786, "workload_id": "HuggingFaceTB--SmolLM2-135M--reasoning--p2048--w16", "scenario": "value_late", "seed": 9817, "repetition": 0, "variant": "sparse_legacy", "status": "complete", "valid": true}
{"session": 752, "of": 786, "workload_id": "HuggingFaceTB--SmolLM2-135M--reasoning--p2048--w16", "scenario": "value_late", "seed": 9817, "repetition": 1, "variant": "sparse_batched", "status": "complete", "valid": true}
{"session": 753, "of": 786, "workload_id": "HuggingFaceTB--SmolLM2-135M--reasoning--p2048--w16", "scenario": "value_late", "seed": 9817, "repetition": 1, "variant": "allcuts_batched", "status": "complete", "valid": true}
{"session": 754, "of": 786, "workload_id": "HuggingFaceTB--SmolLM2-135M--reasoning--p2048--w16", "scenario": "value_late", "seed": 9817, "repetition": 1, "variant": "full_legacy", "status": "complete", "valid": true}
{"session": 755, "of": 786, "workload_id": "HuggingFaceTB--SmolLM2-135M--reasoning--p2048--w16", "scenario": "value_late", "seed": 9817, "repetition": 1, "variant": "sparse_legacy", "status": "complete", "valid": true}
{"session": 756, "of": 786, "workload_id": "HuggingFaceTB--SmolLM2-135M--reasoning--p2048--w16", "scenario": "value_late", "seed": 9817, "repetition": 1, "variant": "full_batched", "status": "complete", "valid": true}
{"session": 757, "of": 786, "workload_id": "HuggingFaceTB--SmolLM2-135M--reasoning--p2048--w16", "scenario": "multi_prefix", "seed": 7431, "repetition": 0, "variant": "full_batched", "status": "complete", "valid": true}
{"session": 758, "of": 786, "workload_id": "HuggingFaceTB--SmolLM2-135M--reasoning--p2048--w16", "scenario": "multi_prefix", "seed": 7431, "repetition": 0, "variant": "sparse_batched", "status": "complete", "valid": true}
{"session": 759, "of": 786, "workload_id": "HuggingFaceTB--SmolLM2-135M--reasoning--p2048--w16", "scenario": "multi_prefix", "seed": 7431, "repetition": 0, "variant": "allcuts_batched", "status": "complete", "valid": true}
{"session": 760, "of": 786, "workload_id": "HuggingFaceTB--SmolLM2-135M--reasoning--p2048--w16", "scenario": "multi_prefix", "seed": 7431, "repetition": 1, "variant": "sparse_batched", "status": "complete", "valid": true}
{"session": 761, "of": 786, "workload_id": "HuggingFaceTB--SmolLM2-135M--reasoning--p2048--w16", "scenario": "multi_prefix", "seed": 7431, "repetition": 1, "variant": "allcuts_batched", "status": "complete", "valid": true}
{"session": 762, "of": 786, "workload_id": "HuggingFaceTB--SmolLM2-135M--reasoning--p2048--w16", "scenario": "multi_prefix", "seed": 7431, "repetition": 1, "variant": "full_batched", "status": "complete", "valid": true}
{"session": 763, "of": 786, "workload_id": "HuggingFaceTB--SmolLM2-135M--reasoning--p2048--w16", "scenario": "multi_prefix", "seed": 9817, "repetition": 0, "variant": "full_batched", "status": "complete", "valid": true}
{"session": 764, "of": 786, "workload_id": "HuggingFaceTB--SmolLM2-135M--reasoning--p2048--w16", "scenario": "multi_prefix", "seed": 9817, "repetition": 0, "variant": "sparse_batched", "status": "complete", "valid": true}
{"session": 765, "of": 786, "workload_id": "HuggingFaceTB--SmolLM2-135M--reasoning--p2048--w16", "scenario": "multi_prefix", "seed": 9817, "repetition": 0, "variant": "allcuts_batched", "status": "complete", "valid": true}
{"session": 766, "of": 786, "workload_id": "HuggingFaceTB--SmolLM2-135M--reasoning--p2048--w16", "scenario": "multi_prefix", "seed": 9817, "repetition": 1, "variant": "sparse_batched", "status": "complete", "valid": true}
{"session": 767, "of": 786, "workload_id": "HuggingFaceTB--SmolLM2-135M--reasoning--p2048--w16", "scenario": "multi_prefix", "seed": 9817, "repetition": 1, "variant": "allcuts_batched", "status": "complete", "valid": true}
{"session": 768, "of": 786, "workload_id": "HuggingFaceTB--SmolLM2-135M--reasoning--p2048--w16", "scenario": "multi_prefix", "seed": 9817, "repetition": 1, "variant": "full_batched", "status": "complete", "valid": true}
{"session": 769, "of": 786, "workload_id": "HuggingFaceTB--SmolLM2-135M--reasoning--p2048--w16", "scenario": "repeated_prefix", "seed": 7431, "repetition": 0, "variant": "full_batched", "status": "complete", "valid": true}
{"session": 770, "of": 786, "workload_id": "HuggingFaceTB--SmolLM2-135M--reasoning--p2048--w16", "scenario": "repeated_prefix", "seed": 7431, "repetition": 0, "variant": "sparse_batched", "status": "complete", "valid": true}
{"session": 771, "of": 786, "workload_id": "HuggingFaceTB--SmolLM2-135M--reasoning--p2048--w16", "scenario": "repeated_prefix", "seed": 7431, "repetition": 0, "variant": "allcuts_batched", "status": "complete", "valid": true}
{"session": 772, "of": 786, "workload_id": "HuggingFaceTB--SmolLM2-135M--reasoning--p2048--w16", "scenario": "repeated_prefix", "seed": 7431, "repetition": 1, "variant": "sparse_batched", "status": "complete", "valid": true}
{"session": 773, "of": 786, "workload_id": "HuggingFaceTB--SmolLM2-135M--reasoning--p2048--w16", "scenario": "repeated_prefix", "seed": 7431, "repetition": 1, "variant": "allcuts_batched", "status": "complete", "valid": true}
{"session": 774, "of": 786, "workload_id": "HuggingFaceTB--SmolLM2-135M--reasoning--p2048--w16", "scenario": "repeated_prefix", "seed": 7431, "repetition": 1, "variant": "full_batched", "status": "complete", "valid": true}
{"session": 775, "of": 786, "workload_id": "HuggingFaceTB--SmolLM2-135M--reasoning--p2048--w16", "scenario": "repeated_prefix", "seed": 9817, "repetition": 0, "variant": "full_batched", "status": "complete", "valid": true}
{"session": 776, "of": 786, "workload_id": "HuggingFaceTB--SmolLM2-135M--reasoning--p2048--w16", "scenario": "repeated_prefix", "seed": 9817, "repetition": 0, "variant": "sparse_batched", "status": "complete", "valid": true}
{"session": 777, "of": 786, "workload_id": "HuggingFaceTB--SmolLM2-135M--reasoning--p2048--w16", "scenario": "repeated_prefix", "seed": 9817, "repetition": 0, "variant": "allcuts_batched", "status": "complete", "valid": true}
{"session": 778, "of": 786, "workload_id": "HuggingFaceTB--SmolLM2-135M--reasoning--p2048--w16", "scenario": "repeated_prefix", "seed": 9817, "repetition": 1, "variant": "sparse_batched", "status": "complete", "valid": true}
{"session": 779, "of": 786, "workload_id": "HuggingFaceTB--SmolLM2-135M--reasoning--p2048--w16", "scenario": "repeated_prefix", "seed": 9817, "repetition": 1, "variant": "allcuts_batched", "status": "complete", "valid": true}
{"session": 780, "of": 786, "workload_id": "HuggingFaceTB--SmolLM2-135M--reasoning--p2048--w16", "scenario": "repeated_prefix", "seed": 9817, "repetition": 1, "variant": "full_batched", "status": "complete", "valid": true}
{"session": 781, "of": 786, "workload_id": "HuggingFaceTB--SmolLM2-135M--reasoning--p2048--w16", "scenario": "journal_corruption", "seed": 7431, "repetition": 0, "variant": "full_batched", "status": "complete", "valid": true}
{"session": 782, "of": 786, "workload_id": "HuggingFaceTB--SmolLM2-135M--reasoning--p2048--w16", "scenario": "journal_corruption", "seed": 7431, "repetition": 0, "variant": "sparse_batched", "status": "complete", "valid": true}
{"session": 783, "of": 786, "workload_id": "HuggingFaceTB--SmolLM2-135M--reasoning--p2048--w16", "scenario": "journal_corruption", "seed": 7431, "repetition": 0, "variant": "allcuts_batched", "status": "complete", "valid": true}
{"session": 784, "of": 786, "workload_id": "HuggingFaceTB--SmolLM2-135M--reasoning--p2048--w16", "scenario": "checkpoint_corruption", "seed": 7431, "repetition": 0, "variant": "full_batched", "status": "expected_abort", "valid": true}
{"session": 785, "of": 786, "workload_id": "HuggingFaceTB--SmolLM2-135M--reasoning--p2048--w16", "scenario": "checkpoint_corruption", "seed": 7431, "repetition": 0, "variant": "sparse_batched", "status": "expected_abort", "valid": true}
{"session": 786, "of": 786, "workload_id": "HuggingFaceTB--SmolLM2-135M--reasoning--p2048--w16", "scenario": "checkpoint_corruption", "seed": 7431, "repetition": 0, "variant": "allcuts_batched", "status": "expected_abort", "valid": true}
{
  "status": "complete_descriptive_stage3",
  "model": "HuggingFaceTB/SmolLM2-135M",
  "measured_sessions": 786,
  "workloads": 6,
  "committed_windows": 2322,
  "rejected_windows": 18,
  "gold_checked_commits": 2322,
  "snapshot_declarations": 7
}
{
  "status": "passed",
  "checks": 312645,
  "failures": []
}
{"action": "verify", "files": 23, "passed": true}
2026-09-16T17:16:45+04:00
